Date,Close,High,Low,Open,Volume
2021-09-13,168.61959838867188,169.40699335836646,166.76923393496278,167.9896923947876,16661794
2021-09-14,170.15504455566406,171.06055020326244,168.65899879899905,169.2101728947524,20377545
2021-09-15,170.0762939453125,171.02116557229968,169.52513234668973,170.94243354849988,21028598
2021-09-16,181.6902618408203,183.97370212759492,170.3124763192671,170.82428426717732,154986538
2021-09-17,182.00526428222656,186.84770786057976,180.39110810454815,183.46193146136088,82563658
2021-09-20,184.05247497558594,188.46186756105845,181.29660460966562,181.8871571718923,73101936
2021-09-21,190.15472412109375,190.90274060554,182.4383008590669,184.9973157855812,58854434
2021-09-22,191.72950744628906,193.5405059437902,189.52481145327206,191.72950744628906,54648494
2021-09-23,190.9420928955078,193.38300963125928,190.31218694908054,192.91056769410054,22630330
2021-09-24,187.7532196044922,192.1232337623867,187.1626670339593,192.1232337623867,25779310
2021-09-27,187.95004272460938,190.43032583256678,185.4303936084641,188.81616976878303,23772123
2021-09-28,187.2020263671875,190.23347102478863,186.06029983255104,188.85553596345167,16319138
2021-09-29,187.47763061523438,190.07601198920358,185.5878873638556,185.82410838961326,16045073
2021-09-30,185.9422149658203,189.28861288071886,185.23356438089178,188.89492781591272,16987893
2021-10-01,185.3123016357422,186.61149233190739,183.3831923588857,185.19419112202874,16570661
2021-10-04,186.29653930664062,187.6744745045906,185.35166767414046,185.82410972906123,11098123
2021-10-05,184.8004913330078,186.96582161109455,184.6430148090755,186.13906050244412,9578825
2021-10-06,182.08399963378906,186.13906068027865,181.5721915725142,184.8792360102755,18179336
2021-10-07,183.42254638671875,184.9973239124191,182.91073838799676,183.46191239359283,10770973
2021-10-08,182.43832397460938,184.87922871762098,182.0446264412615,184.8398627074884,10114327
2021-10-11,187.438232421875,188.57994646411387,182.43831273611644,182.67452125970172,22000303
2021-10-12,189.9972686767578,191.33583786130342,187.39888728653364,187.8713168636631,30347455
2021-10-13,196.2176513671875,197.55620801503875,189.09176715007376,190.98151032948132,52091422
2021-10-14,202.0049591064453,206.17813037151106,197.12313729423073,199.40657792601294,88696178
2021-10-18,206.72930908203125,208.8946267813726,202.63488221951442,205.50885048203483,62614961
2021-10-19,193.65863037109375,206.72930581202263,192.94997981912402,205.82380025946435,61336411
2021-10-20,194.17042541503906,195.66647101077237,190.82401518718382,193.6586298649954,49663940
2021-10-21,192.67437744140625,195.5483454293724,191.41455295195846,195.27275843238885,23385990
2021-10-22,186.29653930664062,193.5405343602396,184.0131109656615,192.67440722934003,36905793
2021-10-25,183.77687072753906,186.33588584060786,181.49344262525247,184.32804474910344,23194065
2021-10-26,186.37527465820312,188.18627333269242,183.1469748432162,184.32805496785062,19663381
2021-10-27,187.7532196044922,189.99726946315127,185.9815868475765,189.17052081908815,26909428
2021-10-28,177.2415313720703,185.78471584012243,176.4935023898005,185.11543134763772,48064941
2021-10-29,175.7454833984375,179.7217993361874,175.03683290975596,177.1627843758006,27668175
2021-11-01,178.61944580078125,179.17061977230944,175.1943039582894,176.49349440088918,24090945
2021-11-02,177.6352081298828,180.50918847465022,176.76908116921504,179.52495102346612,14896284
2021-11-03,175.1549530029297,178.61946114752834,174.56440049888215,177.95018910517453,18530527
2021-11-04,178.3832550048828,178.97379503947474,176.375401418994,177.04468594762358,7295341
2021-11-08,180.94227600097656,181.65092656091036,177.71397623298014,180.86353150438808,21051238
2021-11-09,180.1155242919922,181.80841252185562,179.40687369524335,180.98165141275842,11964518
2021-11-10,181.76902770996094,183.34380526459802,178.89504713120877,179.09190212387588,13948380
2021-11-11,181.09974670410156,182.28083925097576,179.95803264292795,181.41469972566526,8448263
2021-11-12,183.3831787109375,184.20993976806014,180.43046599721686,182.04462210226785,12312123
2021-11-15,187.47763061523438,188.1862812151661,183.54066758775213,184.209952175838,40247848
2021-11-16,185.39102172851562,188.6980532903774,185.036690234027,188.22562377506563,15241184
2021-11-17,188.57994079589844,193.10744329840165,185.5484962693945,185.8240832697439,48496295
2021-11-18,187.00515747070312,191.33580485127737,186.06028600211584,188.97363241847876,21005037
2021-11-22,181.80838012695312,189.56416929758274,180.74541065990203,187.32010739483832,23443628
2021-11-23,182.35955810546875,183.22568509092432,180.43044915228364,180.43044915228364,13950744
2021-11-24,179.2887725830078,183.2257233218805,178.69823246764528,183.02888077587363,14684422
2021-11-25,182.12335205078125,182.8320025949266,177.75333828232814,178.73757584238228,24825493
2021-11-26,176.37539672851562,181.13910784159535,175.6667462103829,180.23361480961353,28067913
2021-11-29,174.4069366455078,176.09982483282278,173.3833330264511,174.80063418432684,22985358
2021-11-30,174.13134765625,177.32028146424997,173.22585455676426,174.80063221697557,24408641
2021-12-01,174.7218780517578,175.82421354005405,173.69826209661676,174.80061006225222,13496307
2021-12-02,177.51712036132812,178.06828188664724,174.24944235203955,174.7218843413698,16517389
2021-12-03,174.52505493164062,178.1076864739909,174.28884637969662,177.16281483419039,14325920
2021-12-06,171.5723419189453,174.9581184433389,171.2573888648951,174.52505487468446,13644352
2021-12-07,173.7376708984375,174.76127455487003,171.7298171203481,172.35973570092753,9246755
2021-12-08,177.1234130859375,177.674587058173,174.0132242296594,174.0132242296594,10241656
2021-12-09,185.35166931152344,186.17843043759697,175.58803728057515,175.58803728057515,39714672
2021-12-10,185.90281677246094,188.1468787997626,184.052452245576,185.9815612634802,36517117
2021-12-13,184.72174072265625,187.98940633947024,184.3674092214562,187.3988663148101,22903720
2021-12-14,179.99737548828125,186.69019496061404,179.17061455506328,185.03667309417813,38953007
2021-12-15,176.41476440429688,182.8319846816125,175.90295643137156,181.09973073838705,35987634
2021-12-16,175.50927734375,178.06829252188194,173.85575523701598,177.95019449483559,25131188
2021-12-17,171.6116943359375,175.46991261309196,170.66683524864052,175.4305466037897,30827201
2021-12-20,167.24168395996094,170.2731412403354,165.19447675119494,170.2731412403354,38778895
2021-12-21,167.3204345703125,169.6432288894266,166.17872041653217,168.50151473564628,20142586
2021-12-22,166.92672729492188,168.65898143042014,166.2180767415507,168.50150491604217,17903428
2021-12-23,171.0998992919922,172.00539237268066,167.87159954077234,168.42277358200553,23065082
2021-12-24,171.6510467529297,173.58014312118326,170.43058835385364,171.6510467529297,17220191
2021-12-27,171.29672241210938,172.00537288808533,169.80068945023746,171.96600688312532,8467106
2021-12-28,173.26519775390625,173.6982612415112,171.6510542959858,171.6510542959858,12014352
2021-12-29,170.66685485839844,173.46209138684307,170.3125233019437,173.2258703492066,11923119
2021-12-30,170.0762939453125,171.57233964826378,169.68260887163072,170.54873599747677,10116360
2021-12-31,171.6904296875,172.28096970494306,170.1943841629497,170.7849366577326,7875890
2022-01-03,172.51719665527344,173.1077366930921,170.9030405760728,171.6904356113912,8064567
2022-01-04,173.4226837158203,174.56439774339023,172.4778246789389,172.83214369843446,9398805
2022-01-05,173.6588897705078,174.40690622967438,172.16284437483594,172.9502393151556,11663111
2022-01-06,172.2022247314453,173.54078117176047,171.8085272569977,172.43843323424275,9295303
2022-01-07,171.9660186767578,173.73765122686788,171.25736815218178,173.06836670995165,9196075
2022-01-10,175.82424926757812,176.92659745721096,172.35974064569405,173.14712329733055,16451394
2022-01-11,174.76126098632812,176.57225960854288,174.1707209410569,175.86360905874932,8329596
2022-01-12,175.39117431640625,176.09982489559673,174.48568120640655,175.19433178559703,13665682
2022-01-13,176.33602905273438,177.79270855985848,175.39115754505113,176.296663045805,11944029
2022-01-14,175.27305603027344,177.0053100287112,175.03683503872665,176.33602553755497,10976796
2022-01-17,176.84783935546875,177.63522189101,174.28882427961491,175.2730618070464,12792728
2022-01-18,173.81640625,178.97381559768957,173.4620871794813,176.84786374255245,14948456
2022-01-19,173.50143432617188,175.11557792910602,172.2022437466385,173.81638734957264,11915686
2022-01-20,172.24160766601562,174.9187332871304,171.65106763496712,173.65890873146816,17997322
2022-01-21,170.9030303955078,173.61953437139798,170.0762694008751,172.04475687190978,17225050
2022-01-24,166.7692413330078,171.4542079217043,166.06059081978196,170.90303391393533,18023332
2022-01-25,168.73770141601562,169.05265439902257,164.99759419145724,166.92670304771758,19028606
2022-01-27,168.97393798828125,169.68258850412488,166.2180679392561,166.33617843812,24041247
2022-01-28,171.3361053466797,172.63530841212494,169.36763022142728,169.36763022142728,15865353
2022-01-31,173.38331604003906,173.81637954711036,170.94241150224272,172.04475951200226,15618203
2022-02-01,179.32810974121094,180.15487076062183,172.55655755632915,174.01323708081785,44871108
2022-02-02,182.79263305664062,183.69813858171662,180.31234996135345,181.0997449851291,42714702
2022-02-03,184.60362243652344,185.1941624362773,182.5170369570323,182.79262395389603,28918394
2022-02-04,184.4855194091797,187.79256350541536,182.3202018299825,186.80832597353665,58889867
2022-02-07,181.25721740722656,184.83984846407847,179.91866086979937,184.24930844823294,25101983
2022-02-08,182.08399963378906,182.9107607432294,180.3517453915377,181.33598302506076,16825239
2022-02-09,181.21786499023438,183.46192720060864,180.11551689007288,182.9107531505279,12351873
2022-02-10,182.87136840820312,183.77686141067338,179.32810345568086,180.07613243407573,20317032
2022-02-11,183.0288543701172,183.69813889372924,180.94226878317374,182.67452286561428,18793513
2022-02-14,176.9430389404297,182.22432189577324,176.17705601787924,182.22432189577324,23621214
2022-02-15,179.805419921875,180.20857355135138,176.21737434048643,178.1928181809996,13371177
2022-02-16,179.6038360595703,181.17612626483762,178.8781646399877,180.45045484525502,11664158
2022-02-17,179.52322387695312,180.89393096275387,178.07188094985545,179.84574168807907,14564261
2022-02-18,178.91847229003906,180.16823181034263,178.59594175144989,179.52319628722194,9004891
2022-02-21,175.7738800048828,178.43467051911443,175.08852022623722,177.62837617102664,16750193
2022-02-22,173.23403930664062,174.8869652254956,171.74238504862487,173.3549866637555,26741024
2022-02-23,174.12095642089844,175.37072864743408,173.39528510998088,174.80631620816172,11438476
2022-02-24,168.114013671875,171.9842651736251,166.90456566752826,169.32347445325067,42933709
2022-02-25,172.50839233398438,174.56445936458186,169.76696536751078,170.53294836817767,24543858
2022-02-28,174.0403594970703,174.52413618462094,169.96852446299005,171.90365676725256,20806226
2022-03-02,173.59689331054688,174.64508251587702,171.29893169849586,172.8712091179761,20039140
2022-03-03,176.90274047851562,177.547776086827,174.16130081210073,174.20162512039306,29631546
2022-03-04,181.8211669921875,183.35313282642218,174.96759393504138,175.53200643513716,69409780
2022-03-07,181.377685546875,183.03059859353402,177.46712270280045,178.99908839930814,47001716
2022-03-08,182.95001220703125,184.19977192930745,180.4101556759645,180.53110305035304,37424203
2022-03-09,184.8448028564453,186.5783519123669,182.30494656552446,183.5950304753054,43923809
2022-03-10,187.06211853027344,187.46527212609863,183.71596796127955,186.25582411565208,37523806
2022-03-11,190.5695343017578,191.17425828648996,185.57045799238347,186.9814891414442,43305144
2022-03-14,192.70623779296875,193.06906707488895,189.72291660182765,190.48889946801484,36465969
2022-03-15,191.77899169921875,194.6413656631645,190.20670159540308,192.70624626148398,34269168
2022-03-16,195.6089630126953,195.93148083501194,192.78690012484662,193.5125716135747,22462538
2022-03-17,197.46343994140625,197.86659356756599,195.68956654170944,197.74564620201505,35541798
2022-03-21,197.14088439941406,199.76137624895958,196.5764847267275,198.26970929884382,29052540
2022-03-22,201.37399291992188,202.18030013074568,196.37491632227864,197.18122353310247,38368305
2022-03-23,203.1881866455078,204.55889363144337,200.36612406118485,202.74470871623146,42051087
2022-03-24,205.4861602783203,206.81655581298642,202.74472059181227,203.14787423847702,39712133
2022-03-25,204.2766876220703,206.21181990425967,200.9708483522742,205.84897780996297,30412482
2022-03-28,207.25999450683594,208.0259773936977,203.63163770455793,204.80077418656813,25876007
2022-03-29,205.28456115722656,207.62283423882658,204.5992012887139,207.26000492886845,18820674
2022-03-30,200.9305419921875,206.7359134340454,200.4870768279917,205.6877242074944,18281803
2022-03-31,202.09963989257812,205.08296087991462,201.1723982114341,201.2530212565626,26644916
2022-04-01,204.23634338378906,205.88925636545343,200.60798690706307,201.57554011617145,14856664
2022-04-04,205.9699249267578,207.94536873581413,202.4625152379283,204.07511695312473,16520039
2022-04-05,209.19512939453125,211.13026168398704,205.68771968830882,206.45370263199385,28230046
2022-04-06,209.3160858154297,212.33971896861513,207.46158928156564,207.62284818315854,20352716
2022-04-07,206.9375,211.41247602194014,206.2521400889204,208.02600077450953,16679649
2022-04-08,215.92776489257812,216.77437088247606,206.4133880353562,208.02598973458663,39283623
2022-04-11,215.6858673095703,220.24146609129272,214.47641924542074,216.6937449553715,47924937
2022-04-12,213.5088348388672,216.61311630671662,212.1381279200194,215.2020723065873,24460888
2022-04-13,217.33877563476562,218.18538159443972,212.58159376450095,213.9119891605937,22239115
2022-04-18,217.7822265625,219.71735862790194,215.48427799750638,216.0889891995304,25339139
2022-04-19,210.88836669921875,219.71738380228194,208.67104092963092,219.31421740068245,24280577
2022-04-20,209.2757568359375,214.03293875590498,207.66315517742856,211.97687196073184,25454589
2022-04-21,209.9611358642578,213.22665100721966,209.31608747573918,209.39672331569048,24313956
2022-04-22,210.52552795410156,212.05749377102563,208.46944839397293,209.6385849089521,16274820
2022-04-25,205.80865478515625,208.83228762728925,203.59131636804125,208.67102874228564,25140992
2022-04-26,208.79196166992188,210.20298001043997,206.6149349302627,206.897141153772,21327644
2022-04-27,207.6228485107422,208.42915579700934,206.21182992532042,206.57465926021928,17219401
2022-04-28,210.52552795410156,212.62190626474379,208.14693061957095,209.23544407946432,28999835
2022-04-29,209.2757568359375,212.0574950162911,208.42913809038868,212.0574950162911,21206335
2022-05-02,212.17843627929688,213.26694971430175,207.25999561252246,208.02597850347055,19696250
2022-05-04,209.43704223632812,214.51674257562127,208.50980031784223,212.8638291800935,26951488
2022-05-05,211.29153442382812,213.83139092878088,209.96113887329463,211.25122289179004,18623544
2022-05-06,215.00050354003906,215.5649160336017,208.7516545833183,208.83229041541125,35818441
2022-05-09,212.01718139648438,214.59736191248055,210.08206198077386,214.59736191248055,22228031
2022-05-10,209.43704223632812,215.12147945401534,208.91294120073024,211.25122731744833,18727774
2022-05-11,206.1311798095703,211.41246278167694,202.98659949875966,208.83229497675688,18012072
2022-05-12,203.91384887695312,206.73589855721096,200.89021600572949,205.60707357429612,20816708
2022-05-13,208.50978088378906,210.3239530187892,205.20394162382166,205.56677094000975,12380764
2022-05-16,204.8813934326172,209.5982635764521,203.99446320598744,209.5982635764521,8502159
2022-05-17,213.42820739746094,214.0732429278886,205.44580965773028,205.6070685403372,18483427
2022-05-18,215.1214599609375,215.92776720771263,212.1784500095351,214.47642438514129,20978307
2022-05-19,222.2572479248047,225.15993384702543,211.7350050682389,211.7350050682389,81302807
2022-05-20,225.7646484375,227.65945640647539,223.34572670510656,223.34572670510656,33617466
2022-05-23,221.32997131347656,226.1274904708716,220.16084753074523,225.76464837799926,22535903
2022-05-24,218.386962890625,221.7331133082493,217.70160308642866,221.7331133082493,16146766
2022-05-25,219.87860107421875,220.84617986787484,218.10474069125786,220.08019702560142,15877459
2022-05-26,220.28396606445312,221.56418425757377,217.929962440469,221.56418425757377,19129574
2022-05-27,222.34884643554688,223.58778318265777,218.9210970032313,222.18364265327773,13986762
2022-05-30,222.22496032714844,223.83558602533859,221.02730483788181,223.42258963929734,12274291
2022-05-31,223.54647827148438,226.72642206707778,220.0361530846581,222.22495270655295,24102167
2022-06-01,224.5376434326172,226.39603544320983,223.1747842317455,223.5464731047105,15265925
2022-06-02,225.90049743652344,226.6851565675794,221.2337977891549,223.58780135944144,14789457
2022-06-03,225.2397003173828,227.71760010090682,224.3311449165593,227.13942610246298,12968807
2022-06-06,226.97422790527344,227.80019452013295,222.7618321997438,224.9919394421526,11345943
2022-06-07,226.23086547851562,227.13942085836277,224.86803240874488,225.65269149342043,11245578
2022-06-08,221.27508544921875,226.64382876002753,219.87094493154248,226.2721398858574,14915091
2022-06-09,223.71168518066406,224.41375546325983,219.4992765736481,221.1925041323462,10239939
2022-06-10,223.13348388671875,223.8355540833956,221.97713605420557,222.2249286150461,8693455
2022-06-13,218.59071350097656,222.26622930546105,217.22786738607,220.0361484176604,11519902
2022-06-14,219.25148010253906,220.90340014110433,217.26917867397242,217.39306187880416,7708043
2022-06-15,217.5582733154297,220.77951161409447,217.26918631686965,219.70577860309837,5254329
2022-06-16,215.32815551757812,221.27508589641178,214.33701136157097,220.53170814656917,14843837
2022-06-17,217.4756622314453,218.17773249664828,213.55234071513075,213.9240295926705,17296080
2022-06-20,218.13644409179688,219.82967165509365,215.86504253991671,217.47566820974785,17738981
2022-06-21,222.927001953125,223.7116609554345,218.13641987785715,218.879784482297,14417711
2022-06-22,219.1275634765625,223.25738282261216,218.7971821172168,220.53169079806025,11756920
2022-06-23,219.2928009033203,220.73824910784035,216.7323251897338,219.2928009033203,9416459
2022-06-24,219.5818634033203,221.64677983019354,219.04499691203588,219.78836159028685,7283228
2022-06-27,222.9683074951172,223.54648148235842,220.1187450498274,220.5317152505209,8487729
2022-06-28,224.5376434326172,224.86802481621402,221.81195120798998,222.10105127933483,11673046
2022-06-29,226.35476684570312,227.1394259479608,222.30754885934925,222.39013766560856,16635367
2022-06-30,225.90049743652344,226.89164167936488,224.66153441157334,226.27216016688982,20003893
2022-07-01,234.86216735839844,235.39903385180315,224.00075795552715,225.900483693465,36520000
2022-07-04,241.09815979003906,242.25450776340497,235.23383111857387,235.9359014007687,41417701
2022-07-05,236.96835327148438,242.00671536934345,236.01851657460995,242.00671536934345,19283789
2022-07-06,238.95065307617188,239.52882702764057,235.64681314368588,236.30757589475996,18997440
2022-07-07,241.13949584960938,242.13064015401167,238.28993306947257,240.35483666981753,14326277
2022-07-08,242.04806518554688,243.20441336205664,239.85926514980494,241.92416886826928,11538313
2022-07-11,243.65866088867188,245.26928663623846,241.22206852081908,242.00672764809948,12828405
2022-07-12,241.7589569091797,243.94773045707524,240.2722013129126,242.0067233314395,14616684
2022-07-13,242.87396240234375,243.4934176343334,241.75892204307092,242.00668842959823,9634877
2022-07-14,240.23092651367188,244.77370370175507,238.82678586385754,243.08048912957122,13930984
2022-07-15,242.46099853515625,242.83268743038633,239.115877009439,241.18078041344899,11450042
2022-07-18,243.90643310546875,244.73239965671624,242.62618887760257,243.65864052238285,11751684
2022-07-19,243.3282928466797,244.15425951235213,241.75897450588607,243.65867427752468,9542292
2022-07-20,246.30174255371094,247.37550179604554,242.50231697751036,243.57607621984496,16397373
2022-07-21,247.416748046875,249.60554753792005,246.13650387168468,246.96247038894765,16660697
2022-07-22,248.24273681640625,249.85336250745388,246.2191409182665,247.78845911775784,10351425
2022-07-25,248.697021484375,250.22505841224836,246.79732183055046,246.96249944716914,11050533
2022-07-26,249.8120574951172,250.8858166921778,248.16015047323685,248.61442817639366,10114261
2022-07-27,251.2162322998047,251.91830269611037,248.2840805760541,250.14247295655105,9706094
2022-07-28,250.6380157470703,252.08346379233228,249.7707678616067,251.83567120302354,11256515
2022-07-29,250.3076171875,252.66162044737752,248.903476729125,251.91824273043244,17584873
2022-08-01,253.98318481445312,255.05694406650312,250.34896300308267,251.0923146567179,16501510
2022-08-02,256.0067443847656,261.54069130203305,254.5613226002641,256.0480518729657,40483892
2022-08-03,254.52001953125,256.79143405649836,250.80320937351948,256.79143405649836,18376724
2022-08-04,255.6350860595703,256.3371563082533,253.6940790920237,254.39612316359086,16514348
2022-08-05,256.7501220703125,257.53478110618533,255.30470028603258,255.63508166023612,10477269
2022-08-08,258.64984130859375,259.310630284681,256.08937891830647,256.8327305228681,8627072
2022-08-10,257.0392150878906,259.43452603910265,256.6675523749457,258.6498407677098,9267241
2022-08-11,252.95069885253906,258.8976159859567,252.16603981092365,258.5259271208392,11305242
2022-08-12,254.8504180908203,255.55248838704557,251.50529657650148,252.95071848353612,6669853
2022-08-16,256.5023193359375,257.2869783407319,254.85038635323346,254.85038635323346,8941455
2022-08-17,258.1542663574219,258.73244031509876,256.874022152772,257.4521961104488,8283028
2022-08-18,260.7147216796875,261.00382173942165,258.1955408259595,258.52592219628764,10264507
2022-08-19,257.70001220703125,261.12774877710746,257.03922321144205,261.12774877710746,10823811
2022-08-22,259.6822814941406,261.8297997613308,256.87402663436967,257.03920423823575,11793184
2022-08-23,260.9212341308594,261.00382292953924,257.78257183275747,258.4846420643243,9698555
2022-08-24,259.4345397949219,263.8534206873481,258.567265672125,260.79737295362673,11783894
2022-08-25,257.98907470703125,261.334222321047,257.3696194085465,260.54956323669603,8057930
2022-08-26,258.443359375,260.5082627799378,257.7000077613236,259.9713962713317,7224507
2022-08-29,258.980224609375,260.13654631062417,255.09818463080086,256.0480474259818,11798961
2022-08-30,264.72064208984375,265.4639935842234,259.5583582288505,259.5583582288505,18516092
2022-09-01,262.3253479003906,265.87698036201425,261.00382241565404,263.89469213490935,13765474
2022-09-02,266.90948486328125,267.8180665355072,262.69708882441705,263.2339553868557,26750910
2022-09-05,271.6174011230469,272.2368825291938,267.4050060925905,268.4374576514259,18144801
2022-09-06,270.21331787109375,272.56729513005047,269.5938363939382,272.56729513005047,12431779
2022-09-07,269.3460388183594,271.16314954823065,268.6439685496152,269.26345001530615,8397233
2022-09-08,272.4847412109375,273.06291527126564,270.50242640736667,271.74136334317825,11331350
2022-09-09,272.98028564453125,275.2929553629705,272.56728927625824,273.0628744473392,9770432
2022-09-12,273.3106994628906,274.5496363604841,272.56732161806275,274.2192549329338,9048240
2022-09-13,276.2015380859375,276.69709708202555,273.062875617502,273.9714309836329,10925371
2022-09-14,276.9862060546875,280.000946149529,273.35195829632676,273.3932657877927,12739464
2022-09-15,275.9537658691406,278.3903582477678,274.9625954495669,277.8534655447925,8742900
2022-09-16,273.6409606933594,276.3666259062376,272.3194093865314,274.5082082875995,12973988
2022-09-19,277.1926574707031,278.26641652426684,271.82391455711326,271.82391455711326,14918717
2022-09-20,277.5231018066406,280.49656090051,276.69713513009464,279.79449053430193,9892945
2022-09-21,281.611572265625,285.1219237320476,277.1101027736864,277.5230729805043,21800547
2022-09-22,284.9980163574219,288.0540638295993,281.5702800072844,281.65286881001447,25111230
2022-09-23,286.1130676269531,288.7148636938839,283.5526052286243,287.0216230226694,23718397
2022-09-26,274.71478271484375,285.7413423569742,274.0127125116955,284.8327870769269,16829922
2022-09-27,276.5732116699219,280.45525205089524,275.87114137263256,276.6971079680975,10375837
2022-09-28,268.3962097167969,275.29296395155023,267.85931703900366,274.1779234589476,16151900
2022-09-29,275.08642578125,276.6144623602292,270.7088272836108,271.7412787716535,18985406
2022-09-30,274.38446044921875,277.3166384546016,272.69124564448913,275.08653087054813,12906555
2022-10-03,267.94189453125,275.0451859223406,266.9920578666383,274.9625709433268,9462192
2022-10-04,274.9212341308594,275.87107060372165,270.91532465645975,271.49349850725514,9142294
2022-10-06,278.0599365234375,280.2487361859203,274.673507567667,276.6971034429115,23091432
2022-10-07,275.9537658691406,278.22515445213264,273.64106979296014,278.1838469589442,10910698
2022-10-10,270.79150390625,273.7649627746661,269.3047744720419,272.5673072579149,9750594
2022-10-11,269.5112609863281,272.93899758370264,268.52009057360976,271.7413420607075,11018577
2022-10-12,272.64990234375,273.7649690779184,268.2310214320715,270.87409895119845,10735673
2022-10-13,271.4522399902344,273.6410395218355,270.91537352376776,272.5259991002834,7546587
2022-10-14,274.3017883300781,275.7885175422597,273.26933676114334,274.46699209903807,6672357
2022-10-17,274.4257507324219,276.49065436780756,272.2369507847434,273.47588773055065,7195922
2022-10-18,281.0746765136719,281.6528504493247,275.49944841618117,275.8298297826807,21691854
2022-10-19,286.07177734375,286.98033271098154,280.6617264534334,283.387392555128,16923690
2022-10-20,288.8387451171875,289.8711967570723,284.79152735924646,286.60863805710517,19186222
2022-10-21,285.4523010253906,291.72959990597735,284.54374564177084,291.72959990597735,28426343
2022-10-24,287.18682861328125,288.83876180337546,286.60865461446,288.2192803128107,3292671
2022-10-25,286.03045654296875,288.6735337184043,283.8416570300089,288.63222623013723,17906260
2022-10-27,285.6175231933594,287.723708001335,284.0068974229033,286.31956734460533,19273344
2022-10-28,285.6175231933594,287.9301931150614,285.03934916865416,287.062945166563,13572499
2022-10-31,288.01275634765625,289.49948554729417,284.7501978994183,287.43458242684625,14358449
2022-11-01,288.67352294921875,289.4994894439382,286.7738235707671,288.4670378698175,20422565
2022-11-02,292.9272155761719,294.2487409811308,287.8475466744946,287.8475466744946,17427813
2022-11-03,292.1426086425781,296.1072117408969,291.56443463062345,292.3904012444327,11149636
2022-11-04,292.05999755859375,294.04231222279236,291.1514421244024,292.3904051502257,8709851
2022-11-07,291.9773864746094,294.3313898669706,289.08651659676076,293.21632322879685,10437370
2022-11-09,297.92425537109375,298.5437367359707,291.72954643077384,291.97733897672464,21404869
2022-11-10,294.0422668457031,297.2635178614976,292.47294882466497,296.5201663378375,20071989
2022-11-11,294.3314208984375,298.1308465417395,292.92728021299814,297.346161210145,11372654
2022-11-14,286.77386474609375,294.82696723881736,286.27827954268247,294.33140821252437,18319254
2022-11-15,285.1632080078125,288.21925534997126,280.1248200675382,288.21925534997126,16046491
2022-11-16,284.2133483886719,286.4847367209948,282.18972645678036,285.53487389943587,7897812
2022-11-17,283.88299560546875,286.98035078256225,282.97444018102414,284.21337701643785,10379179
2022-11-18,281.6941833496094,284.7502308982674,280.6617316697377,283.8829830051067,8140173
2022-11-21,278.5141906738281,280.82688643696554,276.2015210878058,280.08353490002287,9553090
2022-11-22,281.0334167480469,281.65289827612287,277.2752986167039,278.3490578729959,6746019
2022-11-23,280.6617431640625,282.4788540067165,278.7620173361109,282.4788540067165,8067471
2022-11-24,281.4463806152344,282.8918024441172,278.80330336293036,280.6617215551485,8454385
2022-11-25,281.0746765136719,282.39622815678473,279.0097733402139,281.6528504493247,7200274
2022-11-28,280.8681945800781,282.27233503627656,279.79443549408256,280.8268870923846,10284123
2022-11-29,282.7266540527344,284.95673517212254,280.82692817476186,280.82692817476186,10582296
2022-11-30,280.8268737792969,284.254609781908,280.0009073043886,281.85932532865377,23425220
2022-12-01,280.4552307128906,282.2310338897691,278.1838162038997,282.2310338897691,17270904
2022-12-02,278.472900390625,281.4876662830838,278.1425190318385,280.2900109525078,8711914
2022-12-05,278.142578125,279.877100259975,275.9950595709625,278.88592979592084,10090597
2022-12-06,278.5968017578125,279.34015328437266,275.95372466215963,275.95372466215963,6571118
2022-12-07,280.9095153808594,282.06583714281305,278.0599268457191,279.5879636603009,10191144
2022-12-08,279.5054016113281,282.60275684949386,278.76202378915127,280.9921310785629,6439244
2022-12-09,281.9832763671875,282.8918318128852,279.1750212196999,280.620443198641,8445424
2022-12-12,283.469970703125,284.1307596357325,280.9095084813154,281.65286003696474,11646572
2022-12-13,285.4523010253906,285.78268242151444,282.809223679283,284.54374564177084,11105261
2022-12-14,285.287109375,286.8977351103185,283.9242762415949,285.7826945788267,7664099
2022-12-15,279.8770751953125,285.86527405280185,279.17500490518864,284.7502335577192,8469001
2022-12-16,276.7796936035156,279.9183296855148,273.64103134440154,278.76198180989985,12907968
2022-12-19,281.2398986816406,282.7679093295101,276.9861957719093,278.1838250316687,8113695
2022-12-20,280.9508056640625,281.6115684568815,278.1425507060231,280.86821685923945,5693354
2022-12-21,276.82098388671875,281.85934571787766,276.28411741889363,281.6528606284923,7316532
2022-12-22,274.5909423828125,278.67944197608153,272.4847313442147,277.2340199661604,6838031
2022-12-23,269.8416442871094,274.1366550256779,268.7266037421143,273.3106884016703,10461859
2022-12-26,276.36669921875,276.7796955641752,268.85046415112413,269.67640448774426,9934633
2022-12-27,275.1690673828125,277.8534258052888,272.6911678653941,277.19266307148985,6986433
2022-12-28,276.2015380859375,276.69709708202555,273.80622720019244,274.92129383990306,8035558
2022-12-29,276.9862060546875,277.3165874550625,273.8475434854481,276.16023946519107,8417520
2022-12-30,273.8475341796875,278.1425445928473,272.9802863053131,277.02747795521594,7228324
2023-01-02,274.9212341308594,275.87107060372165,272.27815740966787,273.31060884486595,6181118
2023-01-03,273.475830078125,275.3342481936164,272.7737598488454,273.80621144888335,6228015
2023-01-04,270.08941650390625,274.6321933273518,269.263449942248,274.0953268419764,6947412
2023-01-05,275.4168701171875,275.7885590204129,271.08057811091294,271.45226701413833,8486143
2023-01-06,276.7384033203125,278.80330662983584,275.1277776917996,276.4493032448786,8603181
2023-01-09,279.2162780761719,281.9006628614671,277.64695993055625,278.30772271006634,11027747
2023-01-10,275.37554931640625,279.50535562110275,274.6734791033541,279.09235928436436,7217255
2023-01-11,274.0539855957031,276.779677531154,273.6410154542993,276.779677531154,4760847
2023-01-12,272.443359375,275.54071395793477,270.99793770714246,275.375536372695,6894087
2023-01-13,271.5348205566406,274.42569024440866,269.59381366137814,272.4433758617799,14967746
2023-01-16,272.7325134277344,274.38442049284765,270.5437136614806,272.8564097297577,8571826
2023-01-17,274.4257507324219,275.4582025501147,271.82398052851454,272.7325360339146,14240647
2023-01-18,276.40802001953125,277.9773381472333,274.5496018183956,275.87112736233075,13039078
2023-01-19,274.3431091308594,277.23397889959773,273.93011277697354,275.87111972660165,8667564
2023-01-20,276.36669921875,276.8622843624142,271.9478189447949,274.2192072247305,13608325
2023-01-23,278.9684753417969,279.2988828966497,275.08646143199167,277.52305354205777,7399204
2023-01-24,279.9596862792969,281.4464157834227,278.8446456954824,279.0098233197633,12776694
2023-01-25,280.20745849609375,281.652880400375,276.90359212553494,279.9183584089669,12978859
2023-01-27,285.78265380859375,288.1366570138262,282.0658176643802,282.313610230943,21850457
2023-01-30,284.7915344238281,290.5319667310704,282.3549422107496,286.52605636311534,14634225
2023-01-31,291.0274963378906,293.2162957418547,281.69415097777846,285.7826497364645,17794183
2023-02-01,298.50244140625,302.054073629555,271.82390533497494,291.56438072270436,67003785
2023-02-02,312.7090148925781,317.7473765717263,297.67651865297285,298.66766275838864,57892084
2023-02-03,314.40228271484375,315.72380841357597,307.2577091468544,315.4347344833981,23153980
2023-02-06,316.67364501953125,320.6382741400663,313.5349824805341,315.9302934201292,26783409
2023-02-07,308.2901611328125,317.0866418304203,304.32555785670064,317.0866418304203,21438758
2023-02-08,310.18988037109375,311.63530234613074,306.8860138388054,309.5290913583647,10821785
2023-02-09,309.1160888671875,313.86537687881804,307.38156697190806,308.90960377475056,12318006
2023-02-10,306.7207946777344,311.3461600776877,305.85352066847634,307.42286491190487,10674456
2023-02-13,309.0747985839844,309.8594576851963,305.6057546003046,308.08365437884055,10282470
2023-02-14,319.19281005859375,320.1839803775418,308.7030899714619,309.73556777940473,30246745
2023-02-15,320.8559265136719,321.4015912156221,317.7917540823391,320.478146363348,12679568
2023-02-16,321.1497802734375,323.4164348691722,319.84855509867435,320.6880577862099,10151755
2023-02-17,321.86334228515625,322.8287716643076,318.3794315586062,319.8905256882678,7967611
2023-02-20,322.4090270996094,325.30531541730335,320.1004146198072,322.9547184901907,8105569
2023-02-21,320.8979187011719,323.9620914605294,320.4361962256067,323.20655768511017,8577674
2023-02-22,322.2410888671875,323.12254926502857,319.00903193362467,320.68801045477653,9306194
2023-02-23,325.38922119140625,330.7620059629958,321.6114727530318,322.74481324821056,19555814
2023-02-24,323.2904968261719,326.5645385687466,319.84854390951875,326.5645385687466,13407431
2023-02-27,320.8559265136719,324.7176170805041,317.4139739320152,323.2904653611316,8455904
2023-02-28,316.2386474609375,322.57686075128794,314.8115224748693,321.1077513280003,16997837
2023-03-01,317.9176940917969,319.344845870841,313.63626536077516,314.18193008554056,8065784
2023-03-02,315.2733154296875,318.7991841560192,314.5597394738751,318.58931513515984,5212922
2023-03-03,323.1645812988281,323.54236149901516,315.7350370590492,316.4905708533101,8495772
2023-03-06,325.8509216308594,329.50274310094,323.41638285284193,323.96204753922774,11126980
2023-03-08,329.4187927246094,330.0484263258889,323.29047429863346,325.72501321339706,9261146
2023-03-09,325.3052978515625,330.42622947791915,323.7522192644157,329.1669887938517,10005328
2023-03-10,325.72503662109375,327.57192650942363,321.9472879541555,324.84357612206804,8684320
2023-03-13,322.07318115234375,328.15954154604185,321.1077784696601,326.7323898332363,9130473
2023-03-14,318.7572021484375,324.42379831258455,316.6584588867369,323.79419129774107,10623744
2023-03-15,318.50537109375,322.61891562561215,317.3300726560751,319.84855410474245,8748113
2023-03-16,320.226318359375,320.9818787200227,316.364627485881,319.5127424430228,16315136
2023-03-17,315.2733154296875,323.20656662463193,310.32026818561775,323.20656662463193,50787703
2023-03-20,318.00164794921875,318.463370411472,312.2930672313096,313.3844233266862,10512002
2023-03-21,316.44854736328125,318.0016258127998,314.01400849486106,318.0016258127998,12057999
2023-03-22,317.1201477050781,318.0435925137934,314.1399176901358,316.44852971192387,4958761
2023-03-23,319.55474853515625,321.31769622331774,314.3078899178114,316.490575652915,10127917
2023-03-24,317.9176940917969,321.52753137601337,317.3300449243146,320.2682907617259,10317108
2023-03-27,319.1769104003906,322.7028051367832,315.9448535284185,317.288036319744,11232922
2023-03-28,318.7991943359375,320.9819067196904,317.45601127465636,319.1769745492156,9523719
2023-03-29,321.3176574707031,322.36702906761235,316.61646420259467,319.1769298348087,10551626
2023-03-31,321.9472351074219,322.78673762961864,319.00901618889503,320.6879946271807,9877493
2023-04-03,318.0856018066406,322.3670574554572,317.74980605879256,322.3670574554572,7331070
2023-04-05,324.3818054199219,324.9274700950395,318.08554970913366,318.08554970913366,12055499
2023-04-06,325.1793212890625,327.65581783263286,322.5348869910549,324.5916721790728,13394394
2023-04-10,326.18670654296875,327.4039891947738,322.9966075913583,325.1793194769324,7044256
2023-04-11,332.4410095214844,334.2039571512757,325.72504135609034,326.18676383488474,18939829
2023-04-12,330.3842468261719,333.95212649086005,329.16699058054064,333.91014204558877,10122932
2023-04-13,332.10516357421875,332.9446661195255,330.5101273624119,332.02122130152065,6292395
2023-04-17,335.9249572753906,337.4780093303229,329.83859597233095,329.83859597233095,11466474
2023-04-18,334.53973388671875,337.47797976938756,333.2804932530353,335.7990011265133,9860308
2023-04-19,334.7496337890625,336.93231935583754,332.4409948905821,332.4829793344839,10119480
2023-04-20,336.0508728027344,338.0236894439417,333.8681605394353,335.7990193411143,6924577
2023-04-21,342.724853515625,343.3544871641832,335.00149819461507,336.0508698714704,14801099
2023-04-24,343.10260009765625,344.1939561128873,339.32485178856473,344.1939561128873,6212135
2023-04-25,345.4952087402344,347.17418742929436,342.0112714224472,343.1026275249201,9180650
2023-04-26,346.08282470703125,346.712431677691,343.3964324563322,345.87292911070205,7914219
2023-04-27,349.23095703125,350.4062553632205,345.03347059024406,346.04085775788565,13100076
2023-04-28,357.24810791015625,359.5147354234288,347.3000576960502,350.90989454831663,13208557
2023-05-02,356.3247375488281,358.4654388022184,353.5963604694285,357.62596272189217,10648421
2023-05-03,358.59130859375,359.7246490132277,354.3098801607166,355.94690082718654,7607609
2023-05-04,356.45062255859375,358.46539684287774,355.9469156844678,357.0382717097041,8292456
2023-05-05,359.9345397949219,362.57894772161086,356.2407602648026,357.58394314626037,12890455
2023-05-08,362.201171875,363.88017710294014,360.4382509736069,361.82341831390767,7522610
2023-05-09,355.77899169921875,363.62829937621586,353.848159761522,363.3344881143071,10377820
2023-05-10,357.08026123046875,357.9197638931349,354.43585311887716,355.9049628239586,10130159
2023-05-11,352.92474365234375,358.80123542986723,351.66550301604906,358.67530870562666,16597954
2023-05-12,352.96673583984375,354.8555835326713,349.2729295245968,352.9247513954721,11564770
2023-05-15,359.13702392578125,359.89255764989645,351.79142265487985,352.5889408216,9503538
2023-05-16,355.90496826171875,360.9839421544759,355.52721467294293,360.9839421544759,8302077
2023-05-17,358.9690856933594,360.1023994971298,354.7715995693563,356.0728245247746,9844782
2023-05-18,352.3370361328125,363.0406196781297,350.99385343813896,360.9838611996208,24919291
2023-05-19,352.4629821777344,355.19135875940754,345.3272505539115,353.3864269825235,26759905
2023-05-22,356.5765686035156,357.4160446310784,351.83339069600646,354.2259718716724,16015615
2023-05-23,360.2703552246094,361.99131836291735,356.11485302589,357.6259471532527,9068926
2023-05-24,363.92218017578125,364.9715518454359,358.4654262086875,359.5567823233287,11921823
2023-05-25,370.3443298339844,371.4356593216248,365.01350269777276,366.8184347059653,18905572
2023-05-26,372.4010925292969,373.36652190656764,368.9591662541491,372.2331813569451,13496209
2023-05-29,377.0182800292969,379.28493429900243,372.8207938014868,373.5763540934251,20589822
2023-05-30,386.1734313964844,387.5038840272775,378.5340810421522,378.5340810421522,19627897
2023-05-31,382.39666748046875,387.97598863487576,379.7786896234105,385.65842153341305,14821960
2023-06-01,377.4182434082031,383.6842413870993,376.81739465959294,383.6842413870993,9142172
2023-06-02,380.5940856933594,381.881637964553,377.5040146499432,377.6756973540104,9558309
2023-06-05,378.2336120605469,383.5554221471092,377.7615186370993,381.96745917563834,7427630
2023-06-06,380.0791320800781,380.76580856133046,378.01907543259387,378.36241367322003,6703067
2023-06-07,381.06622314453125,382.5254037767352,380.036181282122,381.109123419648,7833952
2023-06-08,380.1649475097656,382.61126980001274,379.30658833417493,382.568342319929,7294955
2023-06-09,376.3452453613281,381.70995582008555,373.51268476799805,373.51268476799805,7329661
2023-06-12,375.0577697753906,378.491179481239,372.3968643315873,377.6757477365194,9054977
2023-06-13,382.3108215332031,383.1691806856377,376.2165069157611,378.5340739069618,16732376
2023-06-14,381.5382995605469,384.32793267131706,380.8945234252868,383.04040760452125,9039402
2023-06-15,384.6283874511719,385.1863086570211,381.7528992605887,381.9674822471672,7787525
2023-06-16,388.920166015625,391.0660503441356,384.4567146426835,385.40090157093005,12181426
2023-06-19,389.3493347167969,391.32356354688983,388.19056478835836,390.3364491318434,4350517
2023-06-20,388.7055969238281,390.3793606443439,386.3880297965198,390.3793606443439,4644353
2023-06-21,383.72711181640625,389.8643540714859,382.01042067086826,387.975980209531,6292873
2023-06-22,384.24212646484375,385.95884478597384,382.697090857317,384.5425372089923,6892713
2023-06-23,381.7528991699219,384.24212166183725,379.99328059518047,384.11336642917564,6325479
2023-06-26,382.56829833984375,387.460915154156,381.10909062946286,383.5983129099062,5688287
2023-06-27,382.0533447265625,383.8558909443643,380.3795537531556,382.9117039546197,5052984
2023-06-28,385.70135498046875,386.7742971877239,381.5383413926168,381.96750739402796,12548096
2023-06-30,387.63262939453125,387.93304013384915,383.34083366071934,386.2592493189664,9456776
2023-07-03,397.6324462890625,399.9499860582149,386.3021762961916,387.6326288913875,11111199
2023-07-04,400.2933654785156,401.7096731766668,394.67117098382835,399.1345954746655,8022597
2023-07-05,407.80389404296875,412.56778292695236,398.53368113063436,400.2932995882701,16878943
2023-07-06,406.7738952636719,409.7781386030594,403.8555068794989,409.73521112545217,9835812
2023-07-07,402.0530090332031,408.14732419343625,401.3663053278588,406.00143972308916,7605499
2023-07-10,399.8641662597656,404.1988623491033,398.0186926997213,403.42633094153337,6772454
2023-07-11,406.13018798828125,407.33185824359526,399.99294545076737,399.99294545076737,8783282
2023-07-12,405.40057373046875,410.0785810019085,403.81261058479845,410.0785810019085,12816220
2023-07-13,405.1430358886719,409.220221374186,404.28467675429124,406.7738992013875,8214385
2023-07-14,405.91552734375,407.71807330833167,404.5850748077213,406.00138229710444,5277090
2023-07-17,405.44342041015625,408.40473610914245,403.94131242490107,407.28889378994376,6325310
2023-07-18,405.5722351074219,407.03144303513886,404.2847099021475,405.6151625889643,5558415
2023-07-19,411.02276611328125,412.39611896102673,401.7954530539886,405.7867835710082,14401395
2023-07-20,422.4388732910156,423.76932589488507,408.83396371516045,411.92403489665855,21030102
2023-07-21,420.9796447753906,427.2027143115705,418.0183289722278,422.1384146106013,14510084
2023-07-24,404.58514404296875,428.9195051272142,401.8384107512421,423.5547665883732,40477929
2023-07-25,396.8170166015625,402.13879980516936,390.89435750965157,401.6237788744661,45211370
2023-07-26,405.3576354980469,406.0014116761696,396.60241549420846,399.04873776734865,18842179
2023-07-27,399.177490234375,407.8468552185177,395.78698105932125,407.203106248586,14528232
2023-07-28,402.09588623046875,402.95424541008026,397.7612172595792,401.45213724855495,10362522
2023-07-31,399.73541259765625,403.16882205833537,397.847038754469,402.5679733624371,8510403
2023-08-01,398.962890625,402.4392002067626,398.10453149712134,399.9929052562195,6686176
2023-08-02,394.9286193847656,398.96290470782736,393.12607331371055,398.7912219947016,10715605
2023-08-03,391.4523010253906,398.0616092694034,389.9501657308603,394.92861065300184,11026824
2023-08-04,390.50811767578125,396.0445114363515,389.90726895140716,391.6669148466131,7097614
2023-08-07,390.4651794433594,391.8814597552039,387.074670427447,389.7785030261726,9513953
2023-08-08,388.2763671875,392.26772486350313,387.1604976084215,392.26772486350313,6638681
2023-08-09,393.68402099609375,394.75696314088793,383.5983485127932,388.2763827929899,10134166
2023-08-10,387.7613830566406,394.2419637588224,385.4009156497953,393.89862551816555,13702317
2023-08-11,385.18634033203125,389.606864474708,381.75293065325945,389.606864474708,12028396
2023-08-14,385.57257080078125,387.3321893597199,382.01040620449373,385.18630510626537,7854074
2023-08-16,386.4738464355469,392.61108871575766,384.71422780276777,387.1176226200887,15494896
2023-08-17,378.5340576171875,386.25923524920324,377.67569850169144,386.25923524920324,16896158
2023-08-18,379.09197998046875,380.55118776098124,376.38817460177904,378.53405879533585,20068497
2023-08-21,384.37091064453125,384.9717593818017,378.83451676513033,379.3924652235636,9940689
2023-08-22,389.9072265625,390.6797579257352,383.6841841982633,385.4008752214677,10234488
2023-08-23,386.6455383300781,391.10896263642394,385.0575751730007,391.0660623589204,8770272
2023-08-24,387.0317687988281,389.26348074873505,385.65838876553767,386.7742583423534,6322751
2023-08-25,380.5512390136719,387.11764770661836,379.435369289396,387.03181994435965,9628041
2023-08-28,378.87744140625,383.5554760253628,378.53410315948867,381.96751283082983,7176903
2023-08-29,377.76153564453125,381.1091172355908,376.9890314639849,380.2078578243325,9845106
2023-08-30,380.0791320800781,381.1091468019567,378.1049031918186,378.5340963953967,7648569
2023-08-31,377.4182434082031,381.88169514126866,374.32817190213024,380.2508044214819,20666732
2023-09-01,378.5769958496094,381.967505174474,376.2165284481097,377.6757363703921,11879159
2023-09-04,375.52984619140625,380.5512188793833,374.8002422414889,380.5512188793833,14128562
2023-09-05,380.33660888671875,381.53830622437647,376.3881786635184,376.73151687374565,8701612
2023-09-06,384.0704345703125,384.97172118866524,379.39242758395017,381.0662183857372,13358433
2023-09-07,382.7400207519531,385.40089880165283,381.62415111580424,385.22924329069207,8401953
2023-09-08,379.95037841796875,384.4567302500349,379.26370193386344,384.4567302500349,10322317
2023-09-11,383.8558654785156,384.6283968936341,379.950362534242,382.8258507954172,9679540
2023-09-12,387.2463684082031,389.9501739098533,382.4825063700108,385.3150671054277,14961276
2023-09-13,389.26348876953125,392.26773215076497,387.2034322790102,388.147619169723,12268130
2023-09-14,386.21630859375,391.323535820513,383.81294115046234,391.323535820513,14986708
2023-09-15,384.84295654296875,388.06178283660665,383.68418669430196,384.5854460868818,15657801
2023-09-18,388.0188293457031,389.69261999432916,382.997457399825,384.8429307422405,8513132
2023-09-20,388.79144287109375,390.63688940000134,385.87302688564,387.71850061827604,10343224
2023-09-21,384.11334228515625,389.30636992909905,381.53829220123356,388.6626210099802,11132308
2023-09-22,380.33660888671875,384.88588777874793,379.6070049885891,384.1133564029431,7795399
2023-09-25,379.9074401855469,381.79581406526216,376.2594476637083,380.33663337876266,6005673
2023-09-26,379.7787170410156,381.53836303556363,377.418249491901,380.7658315447286,5533023
2023-09-27,385.5296325683594,386.08755375350273,376.6456850646556,379.7786564006256,10894817
2023-09-28,378.3194580078125,386.21629079353744,377.3323437082007,386.21629079353744,10610213
2023-09-29,381.4524841308594,382.4825260540032,376.98905980966003,379.39245469202604,8474326
2023-10-03,377.4611511230469,380.1649567483239,377.0319579229584,378.5340933176777,7770032
2023-10-04,374.328125,379.13491438660606,371.9247303066969,377.46112359689323,13912656
2023-10-05,374.28521728515625,378.1048925093312,373.4268853097046,377.6757265216054,10416552
2023-10-06,379.52117919921875,380.76580411020035,374.80024444113724,375.83025915097494,8742804
2023-10-09,378.0619812011719,380.42244847223975,375.31524823018594,378.4911471763749,5827256
2023-10-10,381.4524841308594,381.8387498520383,378.0620020104501,378.0620020104501,5207891
2023-10-11,384.7571716308594,385.78718636616406,381.7958282598694,383.85588493420624,7946195
2023-10-12,386.8601379394531,388.40517368163955,382.9546347027776,385.95887842473115,12227957
2023-10-13,384.84295654296875,387.8042723805197,383.68418669430196,386.130481619679,7926432
2023-10-16,385.3580017089844,387.11762033136023,382.9975071821044,384.5425428121438,4377288
2023-10-17,389.2205505371094,390.1218371284394,385.4008756015914,386.08755201155043,7203352
2023-10-18,387.6755676269531,393.29778930443706,387.11764636860767,389.90727986406307,7160492
2023-10-19,386.6026306152344,390.46523360420406,383.5554865889753,386.0447093493473,9830006
2023-10-20,376.21649169921875,385.40087713097085,375.40106005869103,381.9674678638267,13521824
2023-10-23,374.15643310546875,377.632769829808,371.75306567489804,375.95897908119,7555671
2023-10-25,371.4096984863281,375.95897727890315,366.5600089677685,375.01479042048845,11308597
2023-10-26,372.8260192871094,374.7572933458955,368.705906299922,368.705906299922,19525305
2023-10-27,372.3110046386719,374.92898237526947,370.98055203087665,372.8260255716831,13638258
2023-10-30,369.4784240722656,375.22937296590027,367.67587810725513,372.9976610489118,7911426
2023-10-31,367.7187805175781,371.9676486039867,367.2896145631058,369.09216053859353,8952141
2023-11-01,367.4613342285156,370.03638462181203,365.22959487034984,369.09219766402157,8297973
2023-11-02,370.0793151855469,371.40974067080435,367.93343077201723,369.135128219892,8465990
2023-11-03,371.8818054199219,372.86891979091905,370.03635911281424,371.4955669301622,14334179
2023-11-06,373.684326171875,374.9289509209937,371.2809588281438,372.096390434518,7589690
2023-11-07,371.4096984863281,373.29809940688176,370.9376050571208,373.29809940688176,5321353
2023-11-08,375.0577697753906,375.52986326989816,371.0664116096857,371.7960155927843,7248663
2023-11-09,372.8689270019531,375.958998202141,372.43976102559816,375.7873426930893,8085620
2023-11-10,374.71441650390625,375.9590142105664,371.23807945474016,372.86894287880256,4236307
2023-11-13,374.2423095703125,376.3023389149238,373.3839504081949,376.3023389149238,3888975
2023-11-15,379.34954833984375,379.8216418463372,375.529872804132,376.0448937943898,7722827
2023-11-16,376.5169677734375,381.5383405568395,375.61568108723014,379.3495286654918,11276031
2023-11-17,377.0319519042969,378.96325326454786,376.2165202019907,377.0319519042969,6911592
2023-11-20,374.9289855957031,377.93322905786397,372.9547840084122,377.54696335478775,4502356
2023-11-21,374.4568786621094,377.07485632698126,373.81310251348316,375.22938283673597,6228803
2023-11-22,377.4182434082031,378.0190921568133,373.21230216793174,375.10070338051264,5074887
2023-11-23,377.97613525390625,379.6070258467537,376.17361635210193,378.4911561994082,6611803
2023-11-24,375.78729248046875,379.60696709305654,374.97186091211665,378.53402509180967,7084608
2023-11-28,373.5985412597656,376.817367782649,373.2981305087519,375.95900860246815,9082513
2023-11-29,375.2723388671875,376.38820854179903,372.6543610031265,374.24232415474165,14316126
2023-11-30,374.07061767578125,376.34525715789107,372.95477527576713,374.8431490638451,15710110
2023-12-01,386.08758544921875,387.074699876353,375.4440185618797,375.87318455434155,20081576
2023-12-04,389.735595703125,391.752724785251,387.1176179239576,390.55102739116836,13293194
2023-12-05,387.7613830566406,392.95443855542743,386.3451026125334,390.55104366710236,12603697
2023-12-06,397.6324462890625,398.70538842019147,388.061794862349,389.60683044302573,21203900
2023-12-07,393.2119445800781,398.9629212542833,392.61109586480706,398.91999377329,11746535
2023-12-08,385.5296325683594,396.216153262856,384.97171138321596,394.7998457558044,19386851
2023-12-11,388.3622131347656,389.3493275315955,385.65840761706403,387.5467814518858,6854157
2023-12-12,388.920166015625,394.8427980571218,388.27638983558137,389.86435294387155,10549319
2023-12-13,391.1089782714844,393.8557114943193,388.92019351204266,391.66692673487756,11718443
2023-12-14,394.9286193847656,395.7011507882431,385.7871609993032,394.84279163006556,14924265
2023-12-15,393.2977294921875,397.3749148156606,390.55099669356895,396.47362823907736,16397959
2023-12-18,387.6755676269531,391.4094153189034,386.55969790653415,390.5510560880987,12490839
2023-12-19,391.4952087402344,393.1260720931,388.0188718428308,389.1347414653695,10664235
2023-12-20,387.1175842285156,394.19898553756065,385.65837649075223,393.98440256523634,10766954
2023-12-21,387.50384521484375,389.4780466215667,381.4953588400811,385.40086138181516,11584223
2023-12-22,390.72271728515625,391.32356599323725,386.73135932353364,388.834316199954,11450973
2023-12-26,391.79559326171875,393.8985497828016,390.29345814346937,391.45225508707597,6097422
2023-12-27,392.3535461425781,393.55524345292497,389.4780580930857,392.26771839290313,7833901
2023-12-28,398.362060546875,398.8770542846564,391.4952144071042,392.4394013307172,21493169
2023-12-29,396.6453552246094,401.6238004767668,396.0015790266033,398.3620736168077,13384631
2024-01-01,401.7525329589844,403.3834235003086,397.1174262070781,397.8470301222474,9706230
2024-01-02,403.7267761230469,404.5851080974229,397.93287207365034,403.4263381690342,10924918
2024-01-03,409.6493835449219,412.610699407938,402.8683926924601,403.6408968636394,24961710
2024-01-04,408.9197692871094,413.25446508333243,407.03139557904353,412.00984030098505,12240910
2024-01-05,406.81683349609375,411.49486773368767,405.14304267730904,411.49486773368767,9564086
2024-01-08,399.5637512207031,408.1472883482497,398.7482923424567,407.71809516963697,8311403
2024-01-09,398.7483215332031,403.3834558606761,397.9758172811093,401.28047170009194,5916180
2024-01-10,397.67535400390625,400.63669719235435,394.8857207330158,398.74829615510856,6123200
2024-01-11,397.1174621582031,400.4650440938136,395.78700943972615,398.36208711528,6786448
2024-01-12,400.5937194824219,401.452078536499,395.14318165480165,397.6324038690197,9714589
2024-01-15,401.3662414550781,403.8554909838262,400.07871641851017,403.4262978358211,7167978
2024-01-16,405.40057373046875,407.71811362572754,398.4908271181607,401.5379709667349,12531058
2024-01-17,400.5079345703125,409.4348098392072,399.3062372068339,404.62802038529264,11536527
2024-01-18,399.5637512207031,401.5808802693785,390.1647552149102,399.349141029534,9495938
2024-01-19,404.7138671875,406.00141956877525,400.33627070234405,402.18174431302083,12673308
2024-01-23,394.2419128417969,406.64512419993554,391.7526905157267,406.64512419993554,8728196
2024-01-24,397.932861328125,401.1946152353453,393.2119267816324,394.9286178877544,22459072
2024-01-25,391.1089782714844,399.09166744976585,388.0618342792077,397.88999716827067,20435547
2024-01-29,386.08758544921875,392.48233828149625,384.1133837986769,391.3235683388679,18557346
2024-01-30,376.0019226074219,389.43514944296885,375.4440014019763,383.68420026968823,45190319
2024-01-31,379.00616455078125,379.8215962182456,376.5598423446629,377.6757119549288,20648695
2024-02-01,380.1649475097656,384.3279609474678,377.07487624062026,379.3924432943424,19903526
2024-02-02,377.76153564453125,383.85585015123644,377.2465419254087,381.9674763724285,17816750
2024-02-05,376.0019226074219,380.8087120811852,374.71439748515684,379.39243172632115,12505666
2024-02-06,370.29388427734375,378.44822842023024,368.66299368578547,377.6757242063142,19487043
2024-02-07,370.6372375488281,373.3839706946024,369.7788783400748,373.3839706946024,13376903
2024-02-08,361.2610168457031,373.9406548583127,356.07587448707574,373.8535172676072,50039587
2024-02-09,362.0888977050781,369.6705586670749,356.07587910947086,357.38305346257397,33527317
2024-02-12,354.55078125,364.2674916906546,353.8536253524433,363.8753311411971,11326971
2024-02-13,354.4636535644531,357.99304337034437,351.4571445057712,354.5943737512555,16207766
2024-02-14,358.6466369628906,359.2566552825192,352.4157335824784,353.810073006866,12618012
2024-02-15,351.98004150390625,361.26100948205914,351.3264405397178,359.9102525686611,21169031
2024-02-16,352.59002685546875,356.90370995861326,348.05845837206795,352.9386047974404,38963810
2024-02-19,356.6423034667969,359.6923952723139,352.59006034002135,352.93863831509657,17602580
2024-02-20,353.897216796875,357.68804696525905,352.3286021787309,357.68804696525905,14626643
2024-02-21,351.500732421875,357.3830304413687,349.714232381529,354.6815166984585,20162369
2024-02-22,361.1738586425781,361.7838769804783,351.5878680265273,354.5943771137186,19321180
2024-02-23,358.51593017578125,362.43745298945976,357.73160904171374,362.43745298945976,11576964
2024-02-26,356.5987243652344,359.9538113149577,354.94294457199726,358.2544765395862,8289561
2024-02-27,358.29803466796875,359.69237410510254,356.03226415387263,357.29588340568495,8083518
2024-02-28,355.8144226074219,359.34381253424715,354.50724831349424,358.2980510039956,8949664
2024-02-29,354.0715026855469,358.210910936739,352.5028880199136,356.42443849344016,15468800
2024-03-01,356.86016845703125,360.04098051981117,355.11727854645085,356.337315293301,12873024
2024-03-04,356.5115661621094,359.86668079658443,355.94513043216057,359.25666246476044,7103794
2024-03-05,353.9407958984375,358.5159474971022,352.0236031921604,356.9908877579181,10108373
2024-03-06,355.4222412109375,357.25229616277596,349.1913654734048,354.24578717721465,11534613
2024-03-07,360.3895568847656,361.60959362614113,351.76216210472074,355.4222723288473,23907135
2024-03-11,356.77301025390625,364.5289458598365,355.55297357754284,363.22177159770035,18298683
2024-03-12,352.4593505859375,354.24582311819125,348.0149191296,354.24582311819125,36226074
2024-03-13,368.14544677734375,381.6965418107758,367.01257538721455,379.0821934747563,105525827
2024-03-14,365.7054138183594,370.8034184912404,364.2675193135294,367.7097716994342,31949569
2024-03-15,365.2261047363281,373.4613385589126,361.87101765864895,363.57035249882944,76074975
2024-03-18,363.7882080078125,366.62044193009535,363.3089098568447,365.13896487478166,16547358
2024-03-19,356.9037170410156,365.61824861989226,356.16297854254486,364.26749180614473,21803126
2024-03-20,362.26318359375,363.09105972476596,356.9037386154801,357.2958991887677,20364534
2024-03-21,367.0997314453125,367.75330475277406,362.69888298530844,365.13895628515684,19968509
2024-03-22,373.5048828125,374.41989642377877,367.0997046768977,367.0997046768977,40358503
2024-03-26,372.6770324707031,374.0277893005211,370.8469775031,370.8469775031,10669833
2024-03-27,372.9820251464844,373.7663462493522,371.6312683263577,372.1105664607041,12698464
2024-03-28,373.2870788574219,377.5571798173086,372.1105971062299,372.98205586378,29009002
2024-04-01,371.8491516113281,375.90139442993103,371.02124791223844,373.94061930272346,9743648
2024-04-02,371.1084289550781,373.5920573017108,370.01911246222807,373.5920573017108,9194659
2024-04-03,370.5419616699219,373.679218545448,366.88187928309895,371.23914520830874,13152268
2024-04-04,368.40692138671875,372.4156094618312,365.9232929984776,370.84699479060345,19065447
2024-04-05,372.58990478515625,376.20643221522545,365.96684064487147,368.1890562257562,16768902
2024-04-08,373.9406433105469,375.94500116709133,372.76418920624536,373.24348736865613,8844633
2024-04-09,371.54412841796875,376.03211438370613,370.8469725212621,375.1171007216393,6967273
2024-04-10,380.78155517578125,381.5222937012438,371.02126177569613,373.24347735208397,14547618
2024-04-12,374.81207275390625,379.73580180355174,373.24345819780376,379.0822008973071,18785009
2024-04-15,371.15203857421875,373.984272920103,368.53768965408733,372.98209386586683,9083087
2024-04-16,371.15203857421875,372.1106350195263,368.7991300698786,368.84268505991685,10357752
2024-04-18,365.00823974609375,372.0234367437925,363.96250587237773,371.2391432432269,22133191
2024-04-19,370.14984130859375,371.45701560681107,362.52462568029154,364.26751553828564,17221280
2024-04-22,370.6291198730469,372.63345000847283,368.92978508955906,372.1105692692811,7386048
2024-04-23,374.0278015136719,375.1606729933093,370.45482904533475,370.62913183698697,12484384
2024-04-24,373.766357421875,375.42210964113116,373.243476671,374.07135278062805,6070285
2024-04-25,381.3044128417969,381.95798612312706,373.8534730548878,375.5963903762039,30337038
2024-04-26,383.4394836425781,386.31527251993987,380.30225439111325,382.78588270732047,15342965
2024-04-29,381.8708801269531,385.5745452174713,378.7336507842141,385.182412263794,12075706
2024-04-30,379.6486511230469,383.8751968280465,379.16935297976505,383.3958986847647,12528665
2024-05-02,382.5680236816406,385.70525292282576,378.9514962957991,379.9536751869483,24123523
2024-05-03,380.3457946777344,383.48305142686223,375.9013913463709,383.48305142686223,23786388
2024-05-06,378.8643493652344,383.8316334777261,377.6443127327708,381.6965555614722,10753860
2024-05-07,383.7444763183594,388.6682055521619,379.2564902446458,380.73796727495403,26969062
2024-05-08,384.3109130859375,387.5352796769497,381.8708399386271,384.52877084147224,10916481
2024-05-09,370.454833984375,384.74666881049484,368.9298019173525,383.4830771249932,24314298
2024-05-10,377.6443176269531,380.2586660910364,371.6748545706709,371.6748545706709,14524604
2024-05-13,376.337158203125,379.47438753102364,374.2892177623848,377.5571672805197,7584217
2024-05-14,374.4635314941406,377.60076091368103,373.46135254601626,375.1606874498413,11423749
2024-05-15,372.8077697753906,377.55716877013117,371.8927284401261,375.37853574944563,7856433
2024-05-16,375.988525390625,376.99070423690523,368.5376131811202,374.72493380168805,23911954
2024-05-17,380.215087890625,381.2608216886231,373.76632708909386,376.8164185235264,11894830
2024-05-21,378.90789794921875,380.91225564823026,377.51358617502353,379.9536593987499,11175153
2024-05-22,383.3523864746094,385.13885906081475,379.4308356873836,381.1301706793296,11036895
2024-05-23,384.615966796875,387.70964129923095,380.43300335151315,384.65954940215045,27244733
2024-05-24,380.1279602050781,385.5745427258716,379.34366668390487,384.310951047624,13252938
2024-05-27,376.0321044921875,382.48086541430223,375.3349486138195,382.3937278342273,12282545
2024-05-28,373.8535461425781,376.9036382417265,373.19994511458566,376.5550602330938,9668761
2024-05-29,375.5528564453125,376.81647580985464,370.80342960528895,370.80342960528895,10832067
2024-05-30,369.365478515625,375.5527989564336,368.0583043647801,373.4177487640164,21314885
2024-05-31,371.6312561035156,374.33276965491694,369.71406362918606,371.89269646253956,29300711
2024-06-03,375.02996826171875,378.9951014605376,373.548518756603,378.21078029410506,16116836
2024-06-04,368.496826171875,378.3482827063766,357.5360024211148,378.08202332328574,47791986
2024-06-05,381.89837646484375,386.9572208137799,371.0262954898172,374.53196934062123,28197030
2024-06-06,386.42462158203125,388.4658963975464,382.60830317461443,386.95714028519546,32318523
2024-06-07,389.7528991699219,391.9716901192635,382.6083934381608,382.87465285255786,29543660
2024-06-10,387.75592041015625,391.3947516185539,386.82404073501334,390.50722975348344,11872688
2024-06-11,384.29461669921875,388.55471053198954,383.6289963758289,387.844704269185,13158571
2024-06-12,383.67333984375,385.53712730991356,381.80955237758644,382.1201976859324,10751658
2024-06-13,381.89837646484375,387.7559709067832,381.41024359468213,387.7559709067832,9641349
2024-06-14,382.6527099609375,383.3183302481955,380.7889225262687,382.51958027789186,9572809
2024-06-18,380.5226745605469,385.3596448481991,380.0345417507453,384.29460735192566,14641141
2024-06-19,375.996337890625,382.2976782837194,375.4638191590513,381.6320579972225,11329972
2024-06-20,375.68572998046875,378.52578328491967,374.0882017547134,376.35137846118886,15147549
2024-06-21,372.4018859863281,377.4607294610519,371.46997822289575,377.1944701000712,26176371
2024-06-24,375.68572998046875,376.2626065784442,372.7569329212461,372.7569329212461,9723008
2024-06-25,375.68572998046875,376.30699251981656,372.5350594703304,375.4194705881807,10655609
2024-06-26,376.2625732421875,378.43700600124004,374.5763014110614,375.41943732662446,11511714
2024-06-27,377.7270202636719,379.19141874299106,373.7331857724581,376.2625936563807,38438054
2024-06-28,377.1057434082031,379.8570246308186,375.86321841942026,377.63823402627366,18554411
2024-07-01,380.7889404296875,381.8539498161556,376.8838497566948,378.3482763390493,13391362
2024-07-02,377.6382751464844,382.20898653977946,375.0200951973204,381.6321099207336,11177863
2024-07-03,380.1232604980469,381.3213994745796,377.63821067414995,378.1707293872619,7435499
2024-07-04,380.7889404296875,382.9633451417158,379.0138966576025,381.6320763766379,9478861
2024-07-05,384.87152099609375,385.1821381877556,379.5020318353326,380.7445568579234,13427543
2024-07-08,393.7022705078125,394.5454064017364,384.871494397807,386.20276307915896,21311436
2024-07-09,401.6899108886719,403.81995765649066,394.05727377595514,397.25232986369844,27489709
2024-07-10,400.6693420410156,404.1306579618595,396.27611822642035,402.66623127167867,12065662
2024-07-11,407.0594177246094,407.81380990765183,398.22861309156133,399.38239433526815,19556596
2024-07-12,407.4143981933594,411.1419729630192,404.5743452442809,407.0593950907208,19693114
2024-07-15,411.2751159667969,413.98203932408734,405.77249737770325,407.41441139257415,16876907
2024-07-16,413.1832580566406,414.24829551887325,409.5000691316833,411.31947062570373,13497253
2024-07-18,417.3545837402344,417.9314884137471,410.60946830322706,410.9201136086524,21907158
2024-07-19,421.1709289550781,425.47540879743394,416.6002178558093,418.0202585325393,25939326
2024-07-22,414.07080078125,425.51975718184343,413.44953827294006,421.21530556282863,18762384
2024-07-23,436.8355712890625,441.4506680930601,413.93765914854197,414.07078883419376,56125835
2024-07-24,438.47747802734375,453.210261927794,435.4599375014016,440.20813578403585,43693692
2024-07-25,434.8386535644531,440.20811406217643,430.13481332309266,434.88301137142935,18567567
2024-07-26,445.7107849121094,449.438331919922,432.57552818447857,438.47750808548517,21534703
2024-07-29,440.2525329589844,449.2608250855603,438.47748921984754,448.63956258965953,12978187
2024-07-30,434.7943115234375,441.8056866583547,433.6849161895334,440.47441788326415,13891052
2024-07-31,439.6312561035156,441.93879038664625,435.32680471107363,437.0574624554141,11982586
2024-08-01,438.1669006347656,440.8738242304474,435.72620830215726,440.1637898116665,12114803
2024-08-02,434.08428955078125,443.2700690816439,430.26797086538403,430.26797086538403,22141163
2024-08-05,431.3329772949219,436.56933654734354,425.60848524167875,426.0522602329523,25022076
2024-08-06,431.5992736816406,436.3918583538408,429.602356369564,431.5548877403152,14251363
2024-08-07,437.2349853515625,439.8531651484879,433.1967929971014,434.88306494116813,11320399
2024-08-08,439.0987548828125,441.98319394772153,437.1018376938733,438.4331345718136,21349889
2024-08-09,440.1194152832031,441.98320282176905,437.6343652317819,441.98320282176905,9556181
2024-08-12,438.9656066894531,443.75819086408256,436.65807241158785,436.65807241158785,9425644
2024-08-13,434.8830261230469,441.8500429794937,433.3298840108808,440.1637430579755,8056478
2024-08-14,436.8355712890625,442.87070869735584,434.7942963223527,436.61369785563306,9609981
2024-08-16,446.1101379394531,447.48579265284656,437.23497527546624,438.87688936925474,13643352
2024-08-19,445.0451354980469,452.01212479668385,443.40322137860943,447.97393247220106,10591508
2024-08-20,442.6932067871094,446.7757849749655,441.7169411474016,444.645738066525,6888634
2024-08-21,448.55084228515625,451.7458986802193,442.91509358922156,443.7582295645892,8801221
2024-08-22,447.79644775390625,451.30212133109177,445.04513826702214,450.7252447462828,8686423
2024-08-23,448.90582275390625,449.9264461841349,443.7138493421569,448.24017431856487,8195369
2024-08-26,448.8170471191406,450.8583502184477,445.53324716421866,449.0833064910477,8126402
2024-08-27,444.29071044921875,450.5033352031046,443.7581917194657,450.4589492663018,8260450
2024-08-28,441.3619384765625,445.79951979911414,440.65193221566744,444.11321976952377,8081932
2024-08-29,448.2845764160156,450.5921108617591,441.4063027627872,441.9832074702022,19389694
2024-08-30,445.44451904296875,451.87901762056,443.9357346345459,445.4888768545288,15523349
2024-09-02,452.6777648925781,455.20720087112886,446.6870413627012,447.30830387252314,16497266
2024-09-03,452.10089111328125,457.9141271779408,450.769622334864,452.67776768740197,12481552
2024-09-04,449.3939514160156,452.677751368125,443.71384524676586,443.7582030567318,8739052
2024-09-05,453.6983947753906,454.319657255503,450.0152058318567,451.16895891780086,11318636
2024-09-06,445.2669982910156,454.40842025952134,441.2288060631329,454.40842025952134,14245025
2024-09-09,454.1865539550781,454.98530397420916,444.06886619293823,445.5332646679885,14265060
2024-09-10,455.82843017578125,457.0709269769429,451.5239507318818,454.31964588641193,11332248
2024-09-11,456.49407958984375,461.06479055779437,454.36403269993195,455.29594052025584,15497555
2024-09-12,461.0647888183594,461.95231069647195,451.3464903537594,457.15972630822966,19085324
2024-09-13,456.0503234863281,461.50852809733834,454.4084094452432,461.06478122957145,9165077
2024-09-16,453.60968017578125,458.84601159207153,452.36715513571806,457.8697459360179,7821668
2024-09-17,450.636474609375,455.78406201482926,449.30517775626555,453.56527143027444,10889862
2024-09-18,450.2814636230469,454.76343093157726,448.2845745094767,450.72523863670733,5638729
2024-09-19,451.0802307128906,456.89346666395045,450.4145822727039,452.63337290269794,14461616
2024-09-20,456.5384826660156,459.1566624698151,450.8583761650148,454.4084356961472,24725118
2024-09-23,458.8016052246094,461.0203958219378,455.8284505768036,457.4703364918065,8105508
2024-09-24,457.2928466796875,459.55599507559924,456.31658107204504,458.84598883876305,7015487
2024-09-25,459.3341369628906,460.88730730174024,454.67468220228506,457.51473537232573,8802667
2024-09-26,463.94921875,464.83674061062754,458.8459891473696,459.4228656991907,16086557
2024-09-27,463.90484619140625,469.0524337523458,461.730441478933,461.730441478933,17916386
2024-09-30,459.86663818359375,465.3692286846989,456.2278070132723,462.0410428214885,10936940
2024-10-01,458.135986328125,461.28665660969307,456.1834550969594,459.8666441244711,5285319
2024-10-03,455.0740661621094,457.6922177343659,450.9471020792447,451.3464911442906,16481353
2024-10-04,446.9089050292969,459.15663932880176,445.1338612892048,452.63336905434744,18930962
2024-10-07,452.8109130859375,457.0266211371439,449.74898635096883,449.97085980040646,17114457
2024-10-08,450.81396484375,454.8965429194943,449.08330705216247,452.63336638342724,9868331
2024-10-09,436.3918151855469,452.4558677197935,435.37116365980967,452.4558677197935,24874940
2024-10-10,436.7024841308594,439.8975404359125,434.39492158878744,439.63128105582945,13292273
2024-10-11,433.2855529785156,438.38878307024066,432.57554667315475,437.5456470666279,14949380
2024-10-14,441.0513000488281,442.8707297967612,433.6849216890066,435.7705826929564,6970606
2024-10-15,442.4713134765625,443.2257056420901,438.8768682699775,441.98318067862937,8347216
2024-10-16,437.72308349609375,442.7375692464446,436.96869133669634,440.20813340282155,6939430
2024-10-17,433.90679931640625,439.3206464164686,433.1080492847109,439.3206464164686,7669729
2024-10-18,431.9542236328125,436.2586749322282,424.58784595834544,433.7736250834996,22616838
2024-10-21,429.2473449707031,432.7530466847723,423.65598222997573,431.9542685241088,7680088
2024-10-22,427.60540771484375,433.46302952571807,426.71788584919966,429.24732175988674,12772970
2024-10-23,426.31854248046875,428.9366941192119,425.56415026999287,426.8954190593147,10553961
2024-10-24,418.6415100097656,428.1379350949523,417.13272562053703,427.7829319671288,13596626
2024-10-25,428.0491638183594,437.9893351421083,420.86027359030857,422.2802860102857,32154050
2024-10-28,429.6910705566406,431.24424086047924,422.45782216873073,427.73853932024565,8946214
2024-10-29,433.06365966796875,434.173055017219,427.1616797853139,430.44547989302475,7131161
2024-10-30,436.2586975097656,437.76748187143,431.7767303629288,433.0636412897533,6640080
2024-10-31,433.8180236816406,437.5455985635339,430.1791925460866,436.6580767162302,8111694
2024-11-01,435.1492919921875,436.74682006469067,434.26177014569237,435.7705544719371,1517892
2024-11-04,430.0904846191406,437.9449959595894,425.60851720016433,437.9449959595894,8754385
2024-11-05,426.1854248046875,430.48987661737266,423.3009855731891,428.6260890085853,7610046
2024-11-06,426.9841613769531,429.91298645719,424.2328800557218,426.18541135723177,11749720
2024-11-07,424.14410400390625,428.40419782708676,422.54657585220644,427.5610618759079,9267980
2024-11-08,424.2771911621094,426.6291112785613,421.215264855626,424.1440614854824,6325023
2024-11-11,423.3009948730469,427.3391873834848,420.77158685924735,424.2772605760544,5700343
2024-11-12,419.66217041015625,424.1884955450853,418.1533859891892,423.8778783496949,5236095
2024-11-13,419.08526611328125,421.30405680700125,415.57959256886795,417.1771207432275,11548660
2024-11-14,413.53826904296875,419.7508939310638,410.254469103816,418.1977517730254,12087836
2024-11-18,414.07080078125,415.18019610837695,410.0326085412211,413.582667962433,8448573
2024-11-19,414.7807922363281,420.4608983587322,413.80452663353714,415.35769691286504,7121472
2024-11-21,405.7281494140625,411.8520025055283,404.17497910804383,409.14507908254996,20313155
2024-11-22,421.2596740722656,422.90155996145944,404.26371361127775,404.8849760938828,20214206
2024-11-25,423.1678466796875,427.96043122898016,419.26278403833174,425.1203780003654,14427013
2024-11-26,423.3453674316406,428.3598254865603,420.7715735570813,426.00790505967507,6791715
2024-11-27,423.3009948730469,426.0966904116353,419.79532115623977,423.78912772455067,7339184
2024-11-28,421.4815368652344,429.3804333184387,417.62083238305877,423.34532426600987,14967609
2024-11-29,423.12347412109375,425.03161943508326,419.4402569251216,419.9727756769193,8668142
2024-12-02,423.5228271484375,425.3866146169551,420.1502834579519,422.45781779270055,5689595
2024-12-03,419.3958740234375,420.15026616736105,410.6981995282936,413.58263842400316,23073942
2024-12-04,414.5589294433594,424.41035759923045,413.93766694127874,421.0378138404822,13957078
2024-12-05,414.9139099121094,419.573364359292,410.4763288904174,414.95829584839544,27432375
2024-12-06,418.15338134765625,421.5259532874458,415.09145472778096,417.1327297650406,7842234
2024-12-09,412.6507568359375,418.9077678081534,410.87574120351246,418.4639928040686,12154116
2024-12-10,413.0945129394531,413.982034779044,410.5650771030177,413.00576919388504,9163636
2024-12-11,412.9170227050781,415.5352024480384,412.4288898824899,414.6476805538857,7005617
2024-12-12,408.7900695800781,415.2689256931872,407.5031586682021,413.13890698990156,13380617
2024-12-13,417.1327209472656,421.0378115655174,400.84679442097826,408.2575584671943,32976794
2024-12-16,417.221435546875,421.03778214952723,415.357676308887,417.3545652250126,9354160
2024-12-17,416.73333740234375,422.2803140258282,410.96448733951416,417.1327264699478,20608409
2024-12-18,417.5765075683594,420.5053045175723,414.38142310888753,419.5290388678347,12841386
2024-12-19,414.07080078125,420.9934321229976,412.96140545412305,416.24520549634906,15161531
2024-12-20,412.384521484375,414.8695714730185,407.63629494293747,414.02640741203714,20231570
2024-12-23,420.9046936035156,423.96662024396306,415.00268563723716,418.19777009680405,19562956
2024-12-24,424.6322326660156,426.22976080207064,419.48464513072406,421.4815623327857,12009880
2024-12-26,423.3009948730469,427.6498327224273,422.45785886844703,426.49605137888494,9188830
2024-12-27,424.765380859375,427.6942060097115,422.4578463685404,425.78603247431005,16906420
2024-12-30,423.3453674316406,427.294816060941,422.45784551297163,426.67355353066995,13578360
2024-12-31,429.2473449707031,430.13486688433846,421.1709321229858,424.6322478965829,13787501
2025-01-01,429.51361083984375,432.0874047386494,427.9160826223791,431.3330125070726,18931186
2025-01-02,434.0399169921875,434.8830529409553,428.0491934724373,430.75611694752047,27131131
2025-01-03,427.42791748046875,435.7705610825458,425.8747471935482,435.104912655584,38500784
2025-01-06,407.9893493652344,425.5937753688359,406.698978628043,419.92534197219254,22009958
2025-01-07,406.56072998046875,412.551763098371,405.68510619666324,410.61619292699265,14294780
2025-01-08,414.34906005859375,416.6533035871767,402.8739441630344,408.3119532648956,13482926
2025-01-09,414.8559875488281,424.57988345002826,411.1230963623607,414.21078814534843,19732649
2025-01-10,410.0631408691406,416.60719760759747,407.8510728791192,414.71772931211405,9145729
2025-01-13,404.67120361328125,409.2336166719609,400.93834065834005,400.93834065834005,17799607
2025-01-14,402.4130554199219,406.92936666100724,401.72178243012405,406.468518001142,18048459
2025-01-15,403.1043701171875,407.2059067375744,401.2609752869984,402.4130970558666,9786805
2025-01-16,398.95672607421875,405.0399345529054,397.34375562074734,403.74953568775027,15774070
2025-01-17,405.7312316894531,407.2059251177899,398.6341500216923,399.09499875004104,11270061
2025-01-20,403.42694091796875,406.65288163954455,401.86004417344355,404.6251362205085,8742771
2025-01-21,403.28863525390625,411.99868583653733,401.1687427524673,403.7034102827816,15686500
2025-01-22,402.78173828125,407.34415137338146,402.36696322633964,405.45465494630946,9619648
2025-01-23,405.7312316894531,407.25202686740926,400.10887157800323,400.93839366343616,8888248
2025-01-24,407.0215759277344,410.15534145029955,404.6712306898313,404.9938304042069,9665384
2025-01-27,405.6390075683594,410.1553189378108,402.36696511353375,406.2841788337263,10480203
2025-01-28,401.3531494140625,407.2059054794515,400.4775256212389,405.54686138859637,20813072
2025-01-29,399.41754150390625,403.24257977791996,396.4220251969846,401.81396017503766,15158510
2025-01-30,402.0444030761719,403.70344708698457,397.66634057922397,399.0949602480921,22496695
2025-01-31,412.4595642089844,413.10476360530413,401.0305226922514,402.32089335691995,13546181
2025-02-01,426.3310852050781,434.58028749136196,405.13204679086533,412.9204004159707,30393007
2025-02-03,418.773193359375,428.77361515512763,416.8836969297055,425.82417240674977,16991730
2025-02-04,419.51055908203125,424.30339673436174,413.61170144468196,422.13740225440523,18923681
2025-02-05,413.0586853027344,420.1557665531382,411.5378902142114,419.51056712020244,12836283
2025-02-06,406.56072998046875,414.76383123938655,403.88781313807607,414.76383123938655,17469129
2025-02-07,397.11334228515625,410.616203973157,394.85517233647147,405.5468681216365,18875982
2025-02-10,393.7491149902344,399.37144626315796,393.103915600897,393.5647642710035,12227140
2025-02-11,385.5459899902344,396.83678252001545,384.8086433619268,395.22381215861816,14288751
2025-02-12,383.76715087890625,387.4185038147077,381.61379694988227,386.80994975406657,13884574
2025-02-13,383.57989501953125,387.55893945511997,382.92451156606495,383.81395645691885,12989029
2025-02-14,384.0948486328125,389.6655227047761,382.3627881470121,385.4992173663877,14124236
2025-02-17,382.5500183105469,385.1714949759147,380.81795796252226,383.6734960648676,11975265
2025-02-18,379.41363525390625,384.65661779105346,378.2433279273982,381.9883113722239,12998403
2025-02-19,380.49029541015625,382.7372796630362,378.7114340671244,378.9922963842513,7079032
2025-02-20,376.4176025390625,378.1496629377972,370.940587610997,374.45150926845105,15355585
2025-02-21,375.3409423828125,377.54112576751635,373.7493416368229,376.41761935814907,8240986
2025-02-24,376.2771911621094,377.6815598988965,373.3280225292474,374.49832980990334,7037625
2025-02-25,379.03912353515625,381.05204632098673,374.96644852961964,376.3708172507043,15760891
2025-02-27,375.9963073730469,380.5839059368619,374.0301855394252,379.03910612899966,19051003
2025-02-28,369.81707763671875,376.8389208829856,367.1956009202271,373.5620607013944,31954776
2025-03-03,372.11090087890625,373.5620704254616,366.2593646880312,370.7065321930963,10702826
2025-03-04,369.6766662597656,371.8768496423385,367.80417462727036,370.1915900299199,13404774
2025-03-05,379.2263488769531,386.435452947024,369.3489671413712,369.3489671413712,15665018
2025-03-06,379.8349609375,383.5799444179902,375.0132718488037,383.0649920462489,17869996
2025-03-07,378.1496887207031,379.97537953583947,376.08996501773333,377.82199696260744,11180761
2025-03-10,379.1795349121094,380.9115952921479,374.8727986777293,375.48135271072846,9785018
2025-03-11,380.3030700683594,382.36279376469145,375.6218408876654,375.9027032097249,11099475
2025-03-12,386.1077575683594,386.9503730638485,378.2432986572043,380.49028283582663,13844306
2025-03-13,385.7800598144531,387.9802430981233,382.17553644149433,386.66950472868797,8196569
2025-03-17,381.94146728515625,389.71229562499354,381.0520223888826,386.669496920414,5257805
2025-03-18,383.0181579589844,385.6864641717792,381.7542204295601,383.8607734546159,13861897
2025-03-19,377.35382080078125,384.5629241739053,376.9325273757762,383.8607398936121,12830387
2025-03-20,378.1965026855469,380.72434920469203,376.27718165061447,379.17954934766647,16994037
2025-03-21,379.6944580078125,381.5201486756552,376.0899346754333,380.0689791708236,25302035
2025-03-24,384.703369140625,386.5290597637776,379.74127814367813,381.05201646627233,14362572
2025-03-25,383.67352294921875,388.77607406165146,382.64367541191723,385.7332751677312,20338110
2025-03-26,381.3797302246094,384.9842822489654,380.34985413594273,384.14163817608556,13891436
2025-03-27,383.3458557128906,384.5161629673909,379.78810451603715,381.98828786888856,18642328
2025-03-28,383.626708984375,389.10375252075136,382.12871001952664,384.70338591875066,12981873
2025-04-01,380.724365234375,387.9802704965241,379.74131853086607,383.67353391685737,15206240
2025-04-02,382.9713439941406,383.86078895831395,380.1626065139579,381.0988523406854,8001323
2025-04-03,383.29901123046875,384.0480249871138,380.77116480316903,381.09882796400086,7059566
2025-04-04,383.57989501953125,386.4822339855749,378.7114056930887,381.52014294173955,18627592
2025-04-07,380.16259765625,382.0819186994949,365.27629507252,365.27629507252,26762866
2025-04-08,386.2481689453125,389.29096760296807,381.28607794776286,385.6396149281719,18600796
2025-04-09,389.7591247558594,392.3338007695701,385.0310947776454,386.66952496818857,21785572
2025-04-11,394.6744079589844,395.51705204166717,390.4145009718859,393.2232383889498,8939356
2025-04-15,393.59771728515625,401.8366972313636,392.2869789172459,401.8366972313636,11685880
2025-04-16,397.3895568847656,398.8875273661801,391.35075980822495,391.35075980822495,13034594
2025-04-17,400.010986328125,400.57273947796745,394.67437426255,397.9044334451799,22410217
2025-04-21,395.89154052734375,401.7430767519647,394.6276029884348,400.76000152305585,27388236
2025-04-22,405.9561767578125,407.0796545529523,396.5468895062768,398.7939022404639,32031936
2025-04-23,403.3815002441406,409.5607281098517,401.5090086831345,408.39042088422286,19566317
2025-04-24,402.6324768066406,408.2499513547456,401.9302924881275,404.317736314244,26064089
2025-04-25,400.52593994140625,405.11356719755287,396.3128338610747,402.63249298157206,22944377
2025-04-28,401.4621887207031,403.05381801388353,397.6704046490059,399.4492659595311,6287095
2025-04-29,398.8406982421875,402.21118873045583,397.90445247166593,401.5558052623093,11189930
2025-04-30,398.6534729003906,401.93033338689156,395.0957500866863,400.1514719800394,10026546
2025-05-02,402.1175537109375,403.990045229964,397.06183232395665,397.06183232395665,9263372
2025-05-05,409.0926208496094,410.5437904360518,401.9771469315377,402.8197624517931,11525305
2025-05-06,407.7818298339844,411.62044316903246,405.39441457186894,409.6075204969808,15026568
2025-05-07,403.6623840332031,407.26693619437197,402.30484472239505,405.7689371514499,9710361
2025-05-08,403.1474609375,403.9900764718335,396.5469106793177,401.64946189204306,19937960
2025-05-09,396.5469055175781,401.7898878224534,396.031981745509,398.7939183424925,8226512
2025-05-12,407.73504638671875,408.3904298762828,400.85363403411344,402.1175715800131,8031891
2025-05-13,400.61956787109375,410.02885520481095,398.23215253511023,407.1732884018215,14976369
2025-05-14,401.7430725097656,404.3177484214116,398.74707456561424,399.8705809376595,9557309
2025-05-15,405.0667419433594,407.64141790790075,398.8407130525867,401.7430807633696,24263510
2025-05-16,407.9223327636719,408.3904556938244,404.55184195218266,407.1733189322542,16402035
2025-05-19,407.5946350097656,410.5438037120058,405.0667597952994,407.26694324908215,7543854
2025-05-20,407.1733093261719,412.69715405726095,405.30081764973795,409.1394313008186,9868414
2025-05-21,405.3944396972656,410.2629293856914,404.4581938781033,408.7649303606408,5776672
2025-05-22,398.934326171875,405.3944162358384,395.9383282951614,405.3944162358384,19451749
2025-05-23,408.4840393066406,411.01191444613914,401.6494562583,406.3306853522196,18536884
2025-05-26,414.66326904296875,415.2718231131618,408.90536294937203,410.30973168302756,13107662
2025-05-27,406.2370300292969,415.88037851185567,403.38149188670627,414.6632418792466,26986022
2025-05-28,400.65911865234375,402.9475037342144,393.79393430833676,398.2753781298962,431851622
2025-05-29,399.2765197753906,403.1381676108757,397.22650883681956,402.37538231693094,21478547
2025-05-30,398.60906982421875,400.5160622005545,397.03580693342064,399.61025828083166,30656239
2025-06-02,399.8009338378906,400.8974777159352,395.2718270145734,398.8474376645607,14973380
2025-06-03,397.5602722167969,402.0893793944988,396.32070963544066,399.5149278857097,13216486
2025-06-04,397.60791015625,399.5149025311001,396.60675079881145,397.7509287646849,12598933
2025-06-05,399.6102600097656,401.37423378518696,396.4160419459044,399.0381564747108,13212523
2025-06-06,401.4695739746094,401.7079480309055,399.5149183523392,400.7544518057209,8774988
2025-06-09,403.3765563964844,403.9009967663349,400.94515272206996,402.375397024289,10473123
2025-06-10,407.14288330078125,408.62079079284285,403.3765616168375,404.75914276623337,13041075
2025-06-11,406.3323974609375,408.1917266795449,405.09286404746234,408.0963712404173,20789182
2025-06-12,401.421875,407.3335627082408,400.0392939574362,407.1428518408551,18508835
2025-06-13,394.6520690917969,399.8486349912841,394.27067643366814,395.70092072544685,17873926
2025-06-16,398.75213623046875,399.4195661344484,394.0323182383462,395.65327347360335,7006629
2025-06-17,397.98931884765625,399.5625818006199,396.3683927227586,398.65677784510535,9028406
2025-06-18,396.5590515136719,398.99048420762057,395.60555534311806,397.6079031209599,8036215
2025-06-19,396.6544189453125,398.799785393935,395.51021186668925,396.3206894558478,12601006
2025-06-20,399.0858154296875,399.9916484421562,396.6544118043789,396.6544118043789,13203184
2025-06-23,394.6520690917969,398.08466121174473,392.6020580932596,397.60791311448514,14839890
2025-06-24,395.0811767578125,401.0881914896625,394.50907318849437,397.51258055441934,16690068
2025-06-25,396.9881286621094,398.7044100961672,395.7962584722378,397.0357918303469,9946718
2025-06-26,400.7544250488281,401.32652856542074,396.89277723401676,397.7986102268212,13703918
2025-06-27,399.1811828613281,402.37540098742386,398.370705262409,401.4219047765532,21409935
2025-06-30,397.08349609375,401.1835180314217,396.46370029757674,400.27768502039476,12317124
2025-07-01,395.7962646484375,399.3718752738479,395.6055537757248,397.60790154563335,13670465
2025-07-02,393.7462463378906,397.512538667108,392.5543761517345,397.512538667108,15990899
2025-07-03,394.1276550292969,396.65441410717574,392.125307215327,394.7474217316605,14185298
2025-07-04,393.3648376464844,395.70091492818915,392.60205234140216,395.60555949045533,8256733
2025-07-07,396.7974548339844,397.7986433459749,392.8404512538974,393.7939474948049,6845218
2025-07-08,397.79864501953125,398.656785820279,395.3672121359503,396.7974565033287,6807192
2025-07-09,399.9440002441406,400.7544487506528,396.13001537247743,396.84513753591426,9930533
2025-07-10,397.46490478515625,400.75444928229246,397.0358198471668,400.75444928229246,6220360
2025-07-11,397.4172058105469,398.6090760644153,396.1776723858816,397.6079166905238,8578844
2025-07-14,399.89630126953125,400.42074163962934,397.1788312743534,397.6555793753181,6896989
2025-07-15,402.47076416015625,402.75680138955454,399.5149200299927,401.3265570457718,8532755
2025-07-16,404.8544921875,405.66496977687433,400.7544410700043,402.47075168839604,9780773
2025-07-17,404.2347106933594,406.0940107556235,403.3288776974709,405.99865531946784,7240795
2025-07-18,403.09051513671875,405.4265924462953,400.56375604779373,405.4265924462953,6730256
2025-07-21,400.5637512207031,403.09051027917883,398.9427960746048,402.3753881438521,4822343
2025-07-22,396.6544189453125,400.8497964029397,395.8916336251602,400.5637591824813,9869507
2025-07-23,395.65325927734375,398.46605560438246,394.74742624924966,397.7032702848046,12196187
2025-07-24,390.8857727050781,396.5113943772586,390.4090246125477,396.5113943772586,9005157
2025-07-25,390.361328125,391.1718056932205,388.7880652563331,390.93343164953177,5824089
2025-07-28,390.8381042480469,391.7439373183991,389.59857077130863,391.69624504720383,8123337
2025-07-29,389.4555358886719,392.2683322294525,389.02645095781634,390.9334433644723,6811772
2025-07-30,388.6450500488281,390.26597610105154,386.8810762904252,389.979938885481,10915863
2025-07-31,392.79278564453125,394.7474412869076,386.6903864618624,387.07180823457605,19364174
2025-08-01,397.08349609375,399.8486291981142,392.6497155747587,393.22181910286025,14324065
2025-08-04,397.46490478515625,402.85215260384814,395.79628640159,400.6591229390907,18352458
2025-08-05,394.89044189453125,398.5137448813091,393.7939270939727,397.798622737676,8495104
2025-08-06,392.8404235839844,395.700912105227,391.4101793233631,394.8904345378628,9080543
2025-08-07,394.36602783203125,395.4625426248142,392.5066986324122,392.84042811675334,11514878
2025-08-08,395.22418212890625,396.03465973340934,393.74627463123227,394.6520785787631,9814361
2025-08-11,397.46490478515625,397.6079233983543,394.74743474081214,395.22418285040254,8514272
2025-08-12,396.9881286621094,400.277672927119,395.9869402435813,397.60789534116395,13635738
2025-08-13,394.8427734375,398.08465462555023,394.3660253481281,397.79861741128474,10874910
2025-08-14,392.3160095214844,395.7485724437067,391.8869246070097,394.98578714952254,9580361
2025-08-18,387.4054870605469,394.4613820852118,386.02293505585004,393.79392311853456,30950814
2025-08-19,390.0752868652344,390.36132407533586,385.68919868718467,387.45317241186046,16681331
2025-08-20,387.1671142578125,391.17180987394187,386.5950398255606,390.07529508093324,18188129
2025-08-21,386.69036865234375,387.9299311597819,384.59269449100873,387.16711674788274,15028966
2025-08-22,379.7774963378906,387.5961762308591,379.01471107445633,387.1194281666145,13087624
2025-08-25,380.7787170410156,381.92289503325094,377.82287297221643,380.44498754804886,10440286
2025-08-26,384.59271240234375,386.5473680457286,379.87289439733723,380.7310351895941,13715752
2025-08-28,382.2566223144531,385.6892144680879,381.39848155064317,385.6892144680879,12471719
2025-08-29,390.695068359375,391.3625273394323,383.21011736185324,383.3054728016321,25255050
2025-09-01,386.9764404296875,391.12415473908817,386.1659628361549,390.69506980769,12268090
2025-09-02,387.8345947265625,388.88344640782555,385.6415650189729,387.6438838396435,19808255
2025-09-03,392.60205078125,394.03229504639114,388.3589811553069,389.50318820677745,12936588
2025-09-04,396.5590515136719,407.1428648264985,395.7009107798522,404.2347131456668,27274123
2025-09-05,388.40667724609375,397.60790962272006,385.59385185760647,397.5125541844266,16000675
2025-09-08,388.5973815917969,391.4578703163545,387.88225941065747,388.5020552463618,7419022
2025-09-09,390.9811096191406,391.8392794876205,388.4543504800707,389.5032021316832,8825896
2025-09-10,393.8415832519531,394.46137904411546,389.9322722150785,391.8869277335158,9252397
2025-09-11,395.74859619140625,397.32188823995943,393.26952928734954,393.8416037431192,8274406
2025-09-12,394.509033203125,397.65555886786507,393.6508924853225,396.03463286721455,7803379
2025-09-15,393.460205078125,395.03346800431143,392.60206430915014,393.84159774229215,5707331
2025-09-16,393.8892822265625,395.0811524650244,392.84043059703714,393.98463766531836,8239087
2025-09-17,390.2659606933594,395.31950772328065,389.0740905115468,394.6997410484167,14113882
2025-09-18,392.4113464355469,393.84159072448466,391.02879441527705,392.22066465605855,15647808
2025-09-19,391.5531921386719,393.4125212893377,389.932266126311,392.411332862674,19505321
2025-09-22,388.0252990722656,391.8869471309128,387.16712919399254,391.5532176336283,8930779
2025-09-23,384.4496765136719,389.1218020379517,383.4008248820839,388.16830584530703,14936357
2025-09-24,382.3519592285156,385.83221438435834,382.0659220205699,384.4496624147626,12380865
2025-09-25,381.49383544921875,384.2589686096089,379.4914876094897,382.7810611389299,22006368
2025-09-26,386.26129150390625,387.02407677530545,381.20774451111,381.49381081167934,14414044
2025-09-29,388.3113098144531,389.02643193197514,384.44966201919163,387.97758033993085,19717660
2025-09-30,382.8763732910156,387.8345649867495,381.7798585213034,387.8345649867495,9465490
2025-10-01,386.7380676269531,387.1194602903188,381.16010899274613,383.6392049522153,17643039
2025-10-03,385.4985046386719,386.6427117258004,383.5915122257209,386.0706081822361,16987141
2025-10-06,382.11358642578125,385.1170935125061,381.20775343369894,384.25895278749806,13989077
2025-10-07,381.2077941894531,383.8776011840606,380.92175695000077,383.78224573811093,12298968
2025-10-08,381.16009521484375,383.0670875611344,379.4914769118394,381.3984692581301,8402463
2025-10-09,381.3031005859375,382.73334479601107,380.3972967119267,380.4449598795719,15656267
2025-10-10,384.0682678222656,385.0694563176354,380.92174191886477,381.82757497204756,15085738
2025-10-13,380.683349609375,382.3043047536442,380.0158906444655,381.3984717438948,9508594
2025-10-14,378.3472595214844,382.2089363761892,377.77518511195166,381.3984588314936,10291102
2025-10-15,381.3031005859375,382.2089335583413,378.7763416344861,379.4914637395229,16043867
2025-10-16,386.3089904785156,387.11946809099607,380.96940578861586,382.3519869568705,22962049
2025-10-17,392.9834289550781,394.60438403521437,386.40431139747704,386.49966683131913,21071344
2025-10-20,393.8415832519531,395.5578938251509,392.17296494651845,393.3648351646861,13083621
2025-10-21,393.6509094238281,394.6997610566706,393.1741613269356,394.27067613010945,1142130
2025-10-23,396.60675048828125,400.89748332833454,394.3183363615374,396.65441365825745,24305990
2025-10-24,397.4172058105469,398.5137497228218,394.22301680889524,396.6067573166322,14935678
2025-10-27,401.0881652832031,403.0428499257912,397.22651736481293,397.60791001997336,11603679
2025-10-28,398.466064453125,402.04167527754,396.559072013437,400.9451604443985,17163147
2025-10-29,401.9940185546875,402.56612211545064,396.7020969906232,398.7521371748908,11470661
2025-10-30,399.2765197753906,402.08934510630013,396.7974239224796,401.9939896699586,12938674
2025-10-31,400.8021545410156,406.5707952146441,398.7521434230218,400.94517315884843,18599864
2025-11-03,394.69976806640625,402.041671429904,394.07997225072296,400.42074533071906,7635440
2025-11-04,389.88458251953125,395.22416695182824,389.36017125943533,394.7474188614159,10085404
2025-11-06,388.5496826171875,394.07994866906864,387.6438496318514,390.933423001342,10095563
2025-11-07,385.2601318359375,390.0753051532848,384.3543278958865,387.1671242550703,8411611
2025-11-10,386.69036865234375,388.1683052075514,384.8787317089743,385.26012436572665,6650003
2025-11-11,387.929931640625,389.07410961230016,385.7845652080402,387.11945405752516,12005318
2025-11-12,388.07293701171875,389.1217886071048,386.6903559407471,389.0264331714527,7987236
2025-11-13,386.83343505859375,388.54971664613856,385.68922793463327,388.07296852755434,6617185
2025-11-14,389.1694641113281,389.74156764498133,381.49383142153096,385.87991971501265,64020258
2025-11-17,388.1683044433594,392.8404299507648,387.1194528155595,390.69506352506284,7855399
2025-11-18,386.9764404296875,390.74273297855876,385.73687790475674,389.26482550088946,7661681
2025-11-19,384.78338623046875,386.6903786619881,384.06826406864894,386.0229487699935,7882450
2025-11-20,386.59503173828125,388.07293915467255,384.49732853592553,384.78336574606783,6693410
2025-11-21,388.8834228515625,389.5031895489138,385.8799157040955,386.1659529187517,5808131
2025-11-24,384.78338623046875,389.78924136320717,384.1159563384741,389.40784869658233,11037491
2025-11-25,382.1612548828125,385.6892023658129,381.49382502007865,384.78336936119564,8199785
2025-11-26,383.5915222167969,385.16481427717554,382.3043255832445,382.3519887554517,11443953
2025-11-27,385.4985046386719,387.07179665807234,383.40083044346284,384.7357193128495,8679529
2025-11-28,385.4508361816406,386.1659583266901,383.782217843192,385.4984993519528,6883500
2025-12-01,385.4508361816406,386.6427064233897,379.6821958509331,384.0682550618539,13442658
2025-12-02,382.3043212890625,386.64271745343586,381.8752363504342,385.45084717768543,8093808
2025-12-03,381.875244140625,383.496199388071,380.3019811642192,383.0194512680452,10772192
2025-12-04,384.3066101074219,384.7833581805478,380.49262552241476,381.493813935015,8057989
2025-12-05,386.1182861328125,386.49967878158014,383.3054607886625,384.3066201289768,4419747
2025-12-08,383.5915222167969,386.40434773852076,381.92290381200377,386.11831050848593,6056866
2025-12-09,382.399658203125,385.6892318944884,381.3984987831776,383.30549127709355,9426717
2025-12-10,384.4019775390625,385.5938477590759,382.35196658031816,382.447322017598,6969146
2025-12-11,384.1636047363281,385.2124563530077,382.44732325332086,384.40197878110104,6980147
2025-12-12,381.49383544921875,385.21246480963276,381.2554613992128,384.1636131699276,12407516
2025-12-15,383.5915222167969,384.5927107187102,380.9217444084862,381.49384796695153,7756564
2025-12-16,383.0194091796875,386.8810568881978,382.39961341304394,382.7333428800691,12347384
2025-12-17,381.2077941894531,384.35434931541226,380.54036426459874,382.35200134405585,8087490
2025-12-18,381.7798767089844,383.2578132936943,381.2554654327811,381.3984840446188,7227668
2025-12-19,382.399658203125,383.9252580179369,381.63687284491715,381.63687284491715,10654835
2025-12-22,383.9729309082031,384.87873483805475,382.5426866099581,382.92407926981116,6847871
2025-12-23,388.40667724609375,389.8845846952617,383.114755953949,383.78221492360865,10081997
2025-12-24,387.6915588378906,390.45669198464753,386.7857258129762,388.9787845212552,5777430
2025-12-26,385.3554992675781,388.21598798528635,385.0694620351657,387.5962212494621,3152453
2025-12-29,383.8775634765625,385.97523758942174,382.7810487018413,385.30780773012765,6647710
2025-12-30,381.9705810546875,384.6880510266874,381.68451473751173,384.258966100121,12340527
2025-12-31,384.25897216796875,384.97409432460887,382.2089611386127,382.4473351908261,9945109
2026-01-01,346.9295959472656,383.9729288975114,345.833081144032,383.9729288975114,282626710
2026-01-02,333.77130126953125,343.25859919211456,329.19453158632655,343.25859919211456,118790358
2026-01-05,333.4376220703125,337.4899807901625,329.9573377733733,333.91437015500077,48358124
2026-01-06,326.5248107910156,334.39115505441515,322.04336666220496,333.96207009159815,72582738
2026-01-07,325.3805847167969,328.5271105999748,323.5212554504856,327.0492030999599,29440734
2026-01-08,325.0468444824219,329.0992032790893,323.2828707159584,325.61894801457146,36706319
2026-01-09,321.47125244140625,325.1422187958776,320.47009302582137,325.0468633519181,35193201
2026-01-12,322.6631164550781,323.71196812139505,320.1840204524369,322.52009784112477,16156143
2026-01-13,319.13519287109375,323.71196303607496,318.18169666185645,323.23521493145626,24922339
2026-01-14,319.182861328125,320.37473160941005,317.9433278749468,320.37473160941005,14913422
2026-01-15,319.182861328125,319.182861328125,319.182861328125,319.182861328125,0
2026-01-16,313.8909606933594,321.8049675143545,313.2711648846159,321.8049675143545,30526898
2026-01-19,317.7049255371094,319.0874774812901,312.07927503151404,314.65372624927437,15507440
2026-01-20,311.12579345703125,318.9444738116522,310.3630081485584,318.5153888891398,18771011
2026-01-21,309.64788818359375,313.9862842154765,309.2664955266801,310.8397584229455,14177965
2026-01-22,309.7432556152344,313.4142219142513,306.1199524882791,310.9351259007337,18622852
2026-01-23,308.36065673828125,311.2211452592271,307.6932268757636,310.41066769194697,11950089
2026-01-27,303.83154296875,309.60021214650556,303.06875768662377,308.551360559787,47847784
2026-01-28,306.2153015136719,308.64673430417406,304.499019977878,305.07112352260765,28400238
2026-01-29,303.7839050292969,307.5978899534603,303.25946464318696,307.5978899534603,17719420
2026-01-30,307.1687927246094,310.02928130332384,301.7338818840886,303.9745746586993,41975824
2026-02-02,300.06524658203125,300.7326764202941,287.9558339773994,295.0593918522917,35227572
2026-02-03,301.924560546875,309.64788544935533,297.1094164617701,306.26298563884325,33168353
2026-02-04,305.5264587402344,306.5972918224836,303.09276069340797,304.2122558533025,11196759
2026-02-05,301.9732666015625,306.98667865411124,301.09711153502366,305.62381368471375,15816704
2026-02-06,317.1595153808594,319.0091496502099,300.12362917115206,301.7785557148148,68057745
2026-02-09,314.23907470703125,319.9826257687896,313.11957956571865,319.25251636686045,20059198
2026-02-10,312.876220703125,314.9691951201795,312.2434651409776,314.43379342333833,11489090
2026-02-11,309.80975341796875,313.6550081166595,307.91145710682224,313.41163831821643,24843366
2026-02-12,309.0309753417969,311.90272107711473,308.49554397172875,308.8849296992704,13294561
2026-02-13,305.4291076660156,309.9557801328065,304.9423680522052,307.6194359281623,8730618
2026-02-16,309.5177307128906,309.80976259638305,304.8450126194144,305.4291060946274,11693763
2026-02-17,316.8188171386719,319.34983928901715,309.7124011623626,310.0044627469445,39360672
2026-02-18,323.6331787109375,324.11991832114603,316.18603890816456,317.35422585595626,35473203
2026-02-19,317.3542175292969,325.38542088701683,316.3807383344217,325.19071316475083,19911747
2026-02-20,318.32769775390625,319.1551610138723,316.4294014344681,316.4294014344681,11282027
2026-02-23,316.7701416015625,319.39854745647875,315.79666235281263,318.3277143412081,13486092
2026-02-24,314.9205322265625,316.7701368296786,313.5089754538475,315.4072718436051,13135859
2026-02-25,311.2699890136719,317.93832779267075,309.6637541988749,316.86749468006315,13492101
2026-02-26,309.8584289550781,312.87622052851447,309.1770113147723,311.5133555396741,11270119
2026-02-27,305.2830810546875,309.32301376648314,304.3582639374763,307.6194251776827,13892595
2026-03-02,306.548583984375,307.376047218612,298.85810450075655,298.85810450075655,22194311
2026-03-04,303.6768493652344,307.13268865380064,302.2652926371002,302.3626464990797,24165489
2026-03-05,303.23876953125,305.28308178434213,300.026300067982,303.9202168516899,19938009
2026-03-06,301.48651123046875,304.0175333092302,300.9997716448259,301.8272051738374,21288269
2026-03-09,297.8846435546875,299.05283051074235,295.54829935080625,296.9111643273846,14084931
2026-03-10,300.8537292480469,301.77854635403554,295.69430146786544,300.8050671722483,18352950
2026-03-11,300.8050842285156,302.41131902789596,299.53957310372596,300.85374630707344,14842485
2026-03-12,296.0350341796875,299.83159716315987,294.8181851652266,298.9067800288785,23319679
2026-03-13,293.455322265625,297.8846408259882,292.67652106597967,295.937682389217,25659996
2026-03-16,300.0749816894531,301.2431686839447,293.99073631862075,294.52613802796225,37472204
2026-03-17,296.76513671875,301.7298865244703,295.98633554258623,301.7298865244703,25649286
2026-03-18,295.986328125,298.8094414690324,295.45092646773946,297.7872705212262,16702554
2026-03-19,290.0968017578125,297.3978957617843,289.2206764189814,293.50397895966603,17851126
2026-03-20,291.9950866699219,300.56169141647746,290.2428063525175,293.0658899820715,58679529
2026-03-23,282.7470397949219,291.07027490300464,281.87088476609046,290.9729210433315,31788160
2026-03-24,283.52581787109375,288.14984408530046,281.0921198636166,288.1011820084419,33335721
2026-03-25,287.8578186035156,290.58354854916115,284.49930339528424,284.9373809296547,26184716
2026-03-27,286.88433837890625,288.9773127628988,283.81785506545845,286.88433837890625,22179022
2026-03-30,280.0699768066406,286.64096138513423,279.38852948557997,285.813498126197,24586921
2026-04-01,283.9638977050781,286.64096553507443,283.1850965114152,285.22940879596706,18604340
2026-04-02,285.0834045410156,285.86217605837106,280.75140999162466,282.5523525472668,18082775
2026-04-06,287.0303649902344,287.51710461894146,282.552354464483,285.2294224223722,18047063
2026-04-07,290.5348815917969,291.0702832730548,284.98603822136056,286.3489031712945,26963485
2026-04-08,294.4288024902344,296.52177687527063,293.5526474241106,295.8403295367806,22310207
2026-04-09,294.9642028808594,296.32706784361375,293.26061425035937,293.5039840547165,17691477
2026-04-10,296.1810607910156,297.30055598300885,294.57482597570106,294.96421173271233,17744386
2026-04-13,290.72955322265625,293.4553127708808,290.19415155315835,292.0437560666014,16522014
2026-04-15,294.0393981933594,295.9376946310278,292.57917930537735,292.725224960759,18701403
2026-04-16,295.35357666015625,297.2518729405252,293.84469581756434,294.91552885499743,16512053
2026-04-17,298.6634216308594,301.729905030981,295.7916756720069,295.7916756720069,35111203
2026-04-20,296.9111633300781,299.7829389242669,296.37576164015127,298.8581217781442,13540471
2026-04-21,301.4378356933594,302.849392451092,296.4730857105753,296.91116324455527,24411865
2026-04-22,297.39788818359375,302.3139461377078,297.0085024549496,301.77854447435044,24500511
2026-04-23,297.20318603515625,298.22535701375915,295.2075655708127,295.93767496628874,10701849
2026-04-24,293.6013488769531,298.5174072251711,293.114609250071,298.5174072251711,17011704
2026-04-27,295.7916564941406,297.5439071449768,294.8181773085145,295.5969487737246,14382348
2026-04-28,296.3757629394531,297.6899361310764,294.526128639099,296.32707115310103,12907339
2026-04-29,307.86279296875,309.0796419528162,297.00850597252486,297.00850597252486,31199038
2026-04-30,306.548583984375,309.07963576218305,304.99101137432183,307.86278680248944,11541956
2026-05-01,306.548583984375,306.548583984375,306.548583984375,306.548583984375,0
2026-05-04,302.8493957519531,309.4690426623296,302.26530226968964,309.4690426623296,20245091
2026-05-05,303.19012451171875,305.38045282577866,301.4378440355334,302.8494008323303,26795704
2026-05-06,302.4599914550781,305.28307511999276,301.04843476850743,304.504273955316,20287609
2026-05-07,299.24749755859375,303.38478412292693,298.85811182359606,303.1901061095417,25718615
2026-05-08,299.29620361328125,300.70773068347654,297.59261494674206,300.70773068347654,17739844
2026-05-11,297.7386169433594,299.83159126541733,297.05716962537434,298.85811207299713,14968661
2026-05-12,292.7252197265625,298.1280176321973,292.141126240168,297.25189225671994,15968338
2026-05-13,296.3757629394531,297.6899361310764,293.0659097966479,293.99072694682496,13024778
2026-05-14,299.0528259277344,300.9997843525029,296.7651438369858,296.91115977719784,11113377
2026-05-15,301.2431640625,303.77418633135375,298.17668067606064,299.0528357626027,11954564
2026-05-18,301.924560546875,304.01753483399096,298.371367495507,301.24314294849347,14422870
2026-05-19,302.0705871582031,305.91584192326644,300.17232052251813,303.67685162223455,17519355
2026-05-20,299.3935241699219,301.43783648682927,298.07935098097914,300.8050809313701,12127920
2026-05-21,299.8802490234375,303.0440563532439,297.68992087203304,301.6325293694972,21868988
2026-05-22,293.6986999511719,298.8581280637695,293.01725259672514,297.7872949531656,30751752
2026-05-25,295.8890075683594,297.3978884085819,294.33143494437775,295.8890075683594,15734247
2026-05-26,293.6499938964844,296.32706168880947,293.1145922213104,296.27839961224,37560542
2026-05-27,291.95001220703125,296.3500061035156,291.04998779296875,295.6499938964844,25446093
2026-05-28,291.95001220703125,291.95001220703125,291.95001220703125,291.95001220703125,0
2026-05-29,286.8999938964844,292.3999938964844,285.8999938964844,292.0,31930439
2026-06-01,279.6499938964844,288.54998779296875,278.29998779296875,287.79998779296875,23477875
2026-06-02,283.25,283.6000061035156,277.1000061035156,279.5,20206131
2026-06-03,277.0,282.3500061035156,275.20001220703125,282.3500061035156,28001438
2026-06-04,280.29998779296875,280.6499938964844,275.04998779296875,277.0,22017634
2026-06-05,280.70001220703125,281.3999938964844,277.8500061035156,280.0,16065822
2026-06-08,279.45001220703125,283.45001220703125,276.95001220703125,279.0,15779677
2026-06-09,280.0,281.70001220703125,277.1499938964844,281.70001220703125,12302522
2026-06-10,283.6499938964844,285.8500061035156,278.6499938964844,280.0,19823743
2026-06-11,282.3999938964844,283.25,281.20001220703125,283.0,12603100
2026-06-12,285.1000061035156,285.8500061035156,283.0,283.54998779296875,12893433
2026-06-15,287.8999938964844,288.8500061035156,286.70001220703125,287.0,11194950
2026-06-16,291.6499938964844,292.1499938964844,287.5,288.1499938964844,14467499
2026-06-17,290.75,292.3500061035156,290.0,291.95001220703125,8626353
2026-06-18,291.1499938964844,291.8999938964844,288.0,291.04998779296875,10409670
2026-06-19,292.5,294.54998779296875,288.3999938964844,289.79998779296875,13874008
2026-06-22,291.25,293.95001220703125,290.04998779296875,292.79998779296875,9947873
2026-06-23,290.0,293.1499938964844,289.6499938964844,291.25,9410364
2026-06-24,290.3500061035156,291.3999938964844,289.45001220703125,290.0,6218635
2026-06-25,290.0,292.25,289.20001220703125,290.3500061035156,11230239
2026-06-26,290.0,290.0,290.0,290.0,0
2026-06-29,290.70001220703125,291.8999938964844,289.3500061035156,290.45001220703125,10110022
2026-06-30,286.95001220703125,291.6000061035156,285.5,291.5,18180676
2026-07-01,290.29998779296875,291.0,287.1000061035156,287.8500061035156,6551425
2026-07-02,289.8999938964844,291.0,287.70001220703125,290.70001220703125,12722639
2026-07-03,289.95001220703125,291.6000061035156,289.0,291.29998779296875,6517591
2026-07-06,288.25,290.3999938964844,287.6000061035156,289.95001220703125,27126124
2026-07-07,288.75,290.70001220703125,286.54998779296875,288.29998779296875,18491160
2026-07-08,280.6499938964844,287.8500061035156,280.0,286.8999938964844,21593793
2026-07-09,282.04998779296875,284.3999938964844,281.0,281.25,12512120
2026-07-10,281.75,283.6499938964844,280.8500061035156,282.8500061035156,11774274
2026-07-13,279.6499938964844,281.5,279.5,281.3500061035156,12559492
2026-07-14,275.54998779296875,280.6499938964844,275.0,279.25,15018851
2026-07-15,276.6499938964844,277.70001220703125,275.29998779296875,276.6499938964844,8523722
2026-07-16,279.3500061035156,280.45001220703125,276.0,277.0,11220653
2026-07-17,280.70001220703125,281.95001220703125,277.79998779296875,279.3500061035156,15215868
2026-07-20,282.70001220703125,283.70001220703125,279.5,280.70001220703125,9913943
2026-07-21,281.0,283.95001220703125,278.79998779296875,283.0,9858768
2026-07-22,280.79998779296875,282.20001220703125,278.5,280.5,12995017
2026-07-23,281.29998779296875,284.0,279.6499938964844,279.95001220703125,21143589
2026-07-24,283.45001220703125,284.8500061035156,279.54998779296875,279.54998779296875,24954082
2026-07-27,285.8500061035156,287.8999938964844,285.5,287.75,19312804
2026-07-28,284.6499938964844,287.95001220703125,282.29998779296875,284.8999938964844,14843878
2026-07-29,286.25,289.04998779296875,284.1499938964844,285.6000061035156,19030590
2026-07-30,285.04998779296875,288.3999938964844,283.75,286.1000061035156,18283697
2026-07-31,281.0,285.79998779296875,280.04998779296875,285.54998779296875,16833813
2026-08-03,287.0,292.54998779296875,283.0,284.45001220703125,45392755
2026-08-04,289.0,289.0,284.70001220703125,286.04998779296875,12689243
2026-08-05,286.95001220703125,288.5,285.0,288.25,11771241
2026-08-06,285.8999938964844,286.3500061035156,283.70001220703125,285.45001220703125,12447629
2026-08-07,286.1000061035156,286.1000061035156,284.3999938964844,285.0,6128841
2026-08-10,282.6499938964844,286.1000061035156,281.3999938964844,286.1000061035156,9347929
2026-08-11,279.0,282.6000061035156,278.0,282.0,13053722
2026-08-12,276.1499938964844,279.54998779296875,275.3999938964844,279.0,12630816
2026-08-13,278.5,278.5,276.04998779296875,276.20001220703125,11335590
2026-08-14,278.20001220703125,278.3500061035156,275.95001220703125,278.3500061035156,7338537
2026-08-17,273.04998779296875,278.20001220703125,273.0,278.20001220703125,12795275
2026-08-18,270.0,273.6499938964844,269.1499938964844,273.04998779296875,14561572
2026-08-19,267.04998779296875,270.95001220703125,265.8500061035156,270.0,13821291
2026-08-20,271.6499938964844,271.6499938964844,265.0,268.20001220703125,28272797
2026-08-21,269.3999938964844,271.6000061035156,269.0,271.6000061035156,8312928
2026-08-24,269.70001220703125,270.6000061035156,267.0,270.6000061035156,8518400
2026-08-25,271.3999938964844,271.3999938964844,267.6499938964844,269.70001220703125,8414719
2026-08-26,270.25,273.95001220703125,270.25,271.8500061035156,11693367
2026-08-27,269.0,271.25,268.0,269.5,8834890
2026-08-28,266.0,269.0,264.79998779296875,269.0,15200847
2026-08-31,255.5,266.54998779296875,255.5,266.0,24575845
2026-09-01,266.6000061035156,268.20001220703125,261.5,261.5,31258553
2026-09-02,266.29998779296875,269.0,262.79998779296875,266.0,14643482
2026-09-03,263.0,267.6000061035156,262.3500061035156,266.5,17813663
2026-09-04,264.1000061035156,266.25,262.6499938964844,264.0,9519153
2026-09-07,263.5,264.95001220703125,262.95001220703125,264.1000061035156,6688002
2026-09-08,263.5,265.8999938964844,262.70001220703125,263.5,7406617
2026-09-09,260.79998779296875,264.5,260.20001220703125,263.6499938964844,10065188
2026-09-10,259.29998779296875,263.8999938964844,259.1000061035156,261.0,17541602
2026-09-11,259.8500061035156,261.6499938964844,257.70001220703125,258.0,11116049
